Ticker,Name,Exchange,MarketCapCategory,MarketCap
A,Agilent Technologies,NYSE,Large,38549073920
AA,Alcoa Inc.,NYSE,Mid,5292587520
AAN,Aaron's Inc,NYSE,Small,313908256
AAT,American Assets Trust,NYSE,Small,1691936384
AB,Alliance Capital Management L.P.,NYSE,Mid,3753025280
ABBV,Abbvie Inc. Common Stock,NYSE,Mega,293865324544
ABM,Abm Industries Incorporated,NYSE,Mid,2588620032
ABR,Arbor Realty Trust,NYSE,Mid,2491054080
ABT,Abbot Laboratories,NYSE,Large,198153895936
ACI,Arch Coal,NYSE,Large,12220688384
ACM,Aecom Technology Corp.,NYSE,Large,12142773248
ACN,Accenture Plc.,NYSE,Mega,229921095680
ACP,Avenue Income Credit Strategies,NYSE,Small,356448032
ACRE,Ares Commercial Real Estate Cor,NYSE,Small,514064992
ACT,Actavis Inc.,NYSE,Mid,4492445696
ADC,Agree Realty Corp.,NYSE,Mid,6094384128
ADM,Archer-Daniels-Midland Company,NYSE,Large,30077300736
ADT,Adt Corporation Common Stock W,NYSE,Mid,6019491328
ADX,Adams Express Company,NYSE,Mid,2212653568
AEE,Ameren Corp.,NYSE,Large,18516586496
AEG,Aegon Nv,NYSE,Large,10493238272
AEL,American Equity Investment Life,NYSE,Mid,4358217728
AEM,Agnico-Eagle Mines Limited,NYSE,Large,25208932352
AEO,American Eagle Outfitters,NYSE,Mid,3925080320
AEP,American Electric Power Company,NYSE,Large,41591529472
AER,Aercap Holdings N.V.,NYSE,Large,15622638592
AES,The Aes Corp.,NYSE,Large,11299989504
AFB,Alliance National Municipal,NYSE,Small,314181760
AFG,American Financial Group  ,NYSE,Mid,9819595776
AFL,Aflac Incorporated,NYSE,Large,44509306880
AG,First Majestic Silver,NYSE,Small,1391534080
AGCO,Agco Corp.,NYSE,Mid,9202740224
AGI,Alamos Gold Inc.,NYSE,Mid,5033519616
AGM,Federal Agricultural Mortgage Corp.,NYSE,Small,1946043904
AGM-A,Federal Agricultural Mortgage  ,NYSE,Small,1970369664
AGO,Assured Guaranty Ltd,NYSE,Mid,4637498368
AGRO,Adecoagro S.A.,NYSE,Small,1103703296
AHH,Armada Hoffler Properties Inc.,NYSE,Small,1052055936
AHL-PC,Aspen Insurance Holdings Limite,NYSE,Small,1546170368
AI,Arlington Asset Investment Corp,NYSE,Mid,2943884288
AIG,American International Group,NYSE,Large,48166965248
AIN,Albany International Corp.,NYSE,Mid,2787719936
AIR,Aar ,NYSE,Mid,2200273664
AIT,Applied Industrial Technologies,NYSE,Mid,6945815552
AIV,Apartment Investment And Management,NYSE,Small,1080810368
AIZ,Assurant,NYSE,Mid,8774478848
AJG,Arthur J. Gallagher & Co.,NYSE,Large,49846444032
AKR,Acadia Realty Trust,NYSE,Small,1870289280
AL,Air Lease Corporation Class A C,NYSE,Mid,4729750016
ALB,Albemarle Corp.,NYSE,Large,13591237632
ALE,Allete,NYSE,Mid,3426222080
ALEX,Alexander And Baldwin Inc,NYSE,Small,1250525824
ALG,Alamo Group,NYSE,Mid,2543919104
ALK,Alaska Air Group,NYSE,Mid,4501412864
ALL,Allstate Corporation,NYSE,Large,40756441088
ALSN,Allison Transmission Holdings,NYSE,Mid,5463936000
ALV,Autoliv,NYSE,Mid,9099352064
ALX,Alexander's,NYSE,Small,1114563840
AM,American Greetings Corp.,NYSE,Mid,5960434176
AMD,Advanced Micro Devices,NYSE,Mega,272324853760
AME,Amtek,NYSE,Large,38031060992
AMG,Affiliated Managers Group  ,NYSE,Mid,5084475392
AMH,American Homes 4 Rent,NYSE,Large,14554909696
AMP,Ameriprise Financial Services,NYSE,Large,38512812032
AMRC,Ameresco Inc,NYSE,Small,1113639552
AMT,American Tower Corp.,NYSE,Large,91554799616
AMTD,TD Ameritrade Holding Corp.,NYSE,Mid,3532361984
AMX,American Movil S.A.B. De C.V.,NYSE,Large,57036660736
AN,Autonation,NYSE,Mid,6066399744
ANF,Abercrombie & Fitch Company,NYSE,Mid,5273171456
AOD,Alpine Total Dynamic Dividend,NYSE,Small,847138048
AON,Aon Plc,NYSE,Large,59866587136
AOS,Smith [A.O.] Corp.,NYSE,Large,11745905664
APA,Apache Corp.,NYSE,Mid,9529564160
APAM,Artisan Partners Asset Manageme,NYSE,Mid,2952544000
APD,Air Products And Chemicals,NYSE,Large,57269264384
APH,Amphenol Corp.,NYSE,Large,60758384640
APO,Apollo Global Management LLc C,NYSE,Large,56468885504
ARDC,Ares Dynamic Credit Allocation,NYSE,Small,308550464
ARE,Alexandria Real Estate Equities,NYSE,Large,20900802560
ARI,Apollo Commercial Real Estate,NYSE,Small,1566964608
ARL,American Realty Investors,NYSE,Small,378128032
ARR,Armour Residential R,NYSE,Small,946640064
ARW,Arrow Electronics,NYSE,Mid,5994091520
ASC,Ardmore Shipping Corporation,NYSE,Small,688864000
ASG,Liberty All-Star Growth Fund,NYSE,Small,306326624
ASGN,On Assignment,NYSE,Mid,4383936000
ASH,Ashland Inc.,NYSE,Mid,4820564480
ASR,Grupo Aeroporuario Del Sureste,NYSE,Mid,8914350080
ASX,Advanced Semiconductor Engineering,NYSE,Large,19520225280
ATI,Allagheny Technologies Inc.,NYSE,Mid,4912990208
ATO,Atmos Energy Llc,NYSE,Large,17329317888
ATR,Aptargroup,NYSE,Mid,8587584512
AU,Anglogold Ashanti Ltd,NYSE,Mid,7789335040
AVA,Avista Corp.,NYSE,Mid,2630498304
AVB,Avalonbay Communities,NYSE,Large,24908722176
AVD,American Vanguard Corp.,NYSE,Small,309066816
AVK,Advent Claymore Convertible Securities,NYSE,Small,406823104
AVT,Avnet,NYSE,Mid,4056460544
AVY,Avery Dennison Corp.,NYSE,Large,15953651712
AWF,Alliance World Dollar Fund II,NYSE,Small,902247168
AWI,Armstrong World Industries Inc,NYSE,Mid,4435260416
AWK,American Water Works,NYSE,Large,24182360064
AWP,Alpine Global Premier Propertie,NYSE,Small,320707040
AWR,American States Water Company,NYSE,Mid,2785008896
AXL,American Axle & Manufacturing,NYSE,Small,962241472
AXP,American Express Company,NYSE,Large,146400280576
AXS,Axis Capital Holdings,NYSE,Mid,4833630720
AYI,Acuity Brands Inc,NYSE,Mid,7347341312
AZN,Astrazeneca Plc,NYSE,Mega,209005445120
AZO,Autozone,NYSE,Large,47725645824
AZZ,Azz Inc.,NYSE,Small,1593636992
BCC,Boise Cascade L.L.C. Common ST,NYSE,Mid,5445972992
BCE,Bce,NYSE,Large,37237207040
BCH,Banco De Chile,NYSE,Large,11613047808
BCO,Brink's Company,NYSE,Mid,3679098112
BCS,Barclays Plc,NYSE,Large,29266925568
BCX,Blackrock Resources Common Shar,NYSE,Small,742506048
BDC,Belden Inc,NYSE,Mid,3113198848
BDJ,Blackrock Enhanced Dividend Achievers,NYSE,Small,1484492288
BDN,Brandywine Realty Trust,NYSE,Small,748281728
BDX,Becton Dickinson And Company,NYSE,Large,70066012160
BEAM,Beam Inc,NYSE,Mid,2122366720
BEN,Franklin Resources,NYSE,Large,14059099136
BEP,Brookfield Renewable,NYSE,Large,17297924096
BERY,Berry Plastics Group Inc.,NYSE,Mid,7621620736
BFAM,Bright Horizons Family Solutions Inc.,NYSE,Mid,5724767744
BFK,Blackrock Florida Muni 2020 Trust,NYSE,Small,456699072
BFS,Saul Centers,NYSE,Small,1260312192
BFZ,Blackrock California Muni Trust,NYSE,Small,360262976
BG,Bunge Limited,NYSE,Large,13004729344
BGB,Blackstone / Gso Strategic Cre,NYSE,Small,523020128
BGC,General Cable Corp.,NYSE,Mid,3581292544
BGR,Blackrock Energy And Resources Trust,NYSE,Small,339917792
BGS,B&G Foods Holdings,NYSE,Small,801575744
BGY,Blackrock International,NYSE,Small,540835648
BH,Biglari Holdings Inc.,NYSE,Small,492220352
BHE,Benchmark Electronics,NYSE,Small,1021626304
BHK,Blackrock Core Trust,NYSE,Small,593631616
BHLB,Berkshire Hills Bancorp,NYSE,Small,1004629504
BHP,Bhp Billiton Limited,NYSE,Large,159060934656
BIO,Bio-Rad Laboratories,NYSE,Mid,9457478656
BIP,Brookfield Infrastructure Partners Lp,NYSE,Large,14598718464
BIT,Blackrock Multi-Sector Income T,NYSE,Small,587197504
BK,Bank Of New York Mellon Corp.,NYSE,Large,41976537088
BKD,Brookdale Senior Living Inc.,NYSE,Small,1041012608
BKE,Buckle,NYSE,Small,1890693632
BKH,Black Hills Corp.,NYSE,Mid,3538962688
BKU,Bankunited,NYSE,Small,1980539520
BLK,Blackrock,NYSE,Large,115590176768
BLW,Blackrock Limited Duration Income Trust,NYSE,Small,500315328
BLX,Banco Latinoamericano De Comercio,NYSE,Small,873969856
BMA,Banco Macro S.A.,NYSE,Mid,3622033920
BME,Blackrock Health Sciences Trust,NYSE,Small,584950784
BMI,Badger Meter,NYSE,Mid,4288095488
BMO,Bank Of Montreal,NYSE,Large,68103106560
BMY,Bristol-Myers Squibb Company,NYSE,Large,98431508480
BNS,Bank Of Nova Scotia,NYSE,Large,57186521088
BOE,Blackrock Global,NYSE,Small,624491072
BOH,Bank Of Hawaii Corp.,NYSE,Mid,2454599424
BP,Bp P.L.C.,NYSE,Large,103236476928
BR,Broadridge Financial Solutions Llc,NYSE,Large,23454105600
BRC,Brady Corp.,NYSE,Mid,2921373440
BRFS,Brf-Brasil Foods S.A.,NYSE,Mid,4775787520
BRO,Brown & Brown,NYSE,Large,21976659968
BRP,Brookfield Residential Propert,NYSE,Small,1461146496
BRT,Brt Realty Trust,NYSE,Small,312791456
BRY,Berry Petroleum Company,NYSE,Small,508859232
BSAC,Banco Santander-Chile Ads,NYSE,Mid,9068826624
BSBR,Banco Santander Brasil Sa,NYSE,Large,43421564928
BSX,Boston Scientific Corp.,NYSE,Large,94264139776
BTE,Baytex Energy Corp,NYSE,Mid,2722895872
BTO,John Hancock Bank And Thrift Fund,NYSE,Small,584302464
BTT,Blackrock Municipal Target Term,NYSE,Small,1522215936
BTU,Peabody Energy Corp.,NYSE,Mid,3521346048
BTZ,Blackrock Preferred,NYSE,Small,1036526272
BUD,Anheuser-Busch Inbev Sa,NYSE,Large,125246341120
BUI,Blackrock Utility And Infrastr,NYSE,Small,479474272
BVN,Compania Mina Beunaventura S.A.,NYSE,Mid,4014264832
BWA,Borgwarner Inc.,NYSE,Mid,8007148544
BXC,Bluelinx Holdings Inc.,NYSE,Small,1006649920
BXMT,Blackstone Mortgage Trust Inc. CI A,NYSE,Mid,3339996672
BXP,Boston Properties,NYSE,Large,10059917312
BYD,Boyd Gaming Corp.,NYSE,Mid,6253388288
BYM,Blackrock Muni Income Quality Trust,NYSE,Small,301128416
BZ,Boise Inc,NYSE,Mid,6301633536
BZH,Beazer Homes USA,NYSE,Small,1009368064
C,Citigroup Inc.,NYSE,Large,106288136192
CACI,Caci International,NYSE,Mid,7683011072
CAE,Cae Inc,NYSE,Mid,6392686592
CAG,Conagra Foods,NYSE,Large,14146556928
CAH,Cardinal Health,NYSE,Large,25608640512
CALX,Calix Inc,NYSE,Mid,2259896832
CAT,Caterpillar,NYSE,Large,155220017152
CB,Chubb Corp.,NYSE,Large,99994271744
CBL,Cbl & Associated Properties,NYSE,Small,748588096
CBT,Cabot Corp.,NYSE,Mid,4030257152
CBU,Communitiy Bank System,NYSE,Mid,2389049600
CBZ,Cbiz,NYSE,Mid,3188419840
CCG,Campus Crest Communities,NYSE,Small,390782848
CCI,Crown Castle International Corp.,NYSE,Large,47638568960
CCJ,Cameco Corp.,NYSE,Large,22084775936
CCK,Crown Cork & Seal Company,NYSE,Large,10827375616
CCL,Carnival Corp.,NYSE,Large,21540261888
CCO,Clear Channel Outdoor Holdings,NYSE,Small,845267456
CCU,Compania Cervecerias Unidas S.A.,NYSE,Mid,2308434944
CCZ,Comcast Corp.,NYSE,Large,52325208064
CDE,Coeur D'Alene Mines Corp.,NYSE,Small,1068935808
CE,Celanese Corp.,NYSE,Large,15978824704
CEM,Clearbridge Energy MLP Fund Inc.,NYSE,Small,554501056
CF,Cf Industries Holdings,NYSE,Large,14694117376
CFR,Cullen/Frost Bankers,NYSE,Mid,6557139968
CHD,Church & Dwight Company,NYSE,Large,24891973632
CHE,Chemed,NYSE,Mid,8871383040
CHH,Choice Hotels International,NYSE,Mid,6027124736
CHK,Chesapeake Energy Corp.,NYSE,Large,10187622400
CHS,Chico's Fas,NYSE,Small,937038656
CHT,Chunghwa Telecom Co Ltd,NYSE,Large,29999722496
CI,Cigna Corp.,NYSE,Large,89898713088
CIB,Bancolombia S.A.,NYSE,Mid,7935132672
CIG,Comp En De Mn Cemig Ads,NYSE,Mid,5760016384
CII,Blackrock Capital And Income Strategies,NYSE,Small,845782912
CIM,Chimera Investment Corp.,NYSE,Small,1092992896
CL,Colgate-Palmolive Company,NYSE,Large,70451830784
CLB,Core Laboratories N.V.,NYSE,Small,730297856
CLDT,Catham Lodging Trust [Reit],NYSE,Small,525523488
CLF,Cliffs Natual Resources Inc.,NYSE,Large,10407709696
CLH,Clean Harbors,NYSE,Mid,9247134720
CLS,Celestica,NYSE,Mid,4287096320
CLW,Clearwater Paper Corp.,NYSE,Small,546174784
CLX,Clorox Company,NYSE,Large,18175883264
CM,Canadian Imperial Bank Of Commerce,NYSE,Large,42277924864
CMA,Comerica Inc.,NYSE,Mid,6693823488
CMC,Commercial Metals Company,NYSE,Mid,6041700864
CMG,Chipotle Mexican Grill,NYSE,Large,66538024960
CMI,Cummmins Inc.,NYSE,Large,34142824448
CMP,Compass Minerals Intl Inc,NYSE,Small,934461632
CMRE,Costamare Inc.,NYSE,Small,1265758720
CMS,Cms Energy Corp.,NYSE,Large,17065276416
CAN,Can Financial Corp.,NYSE,Small,321809152
CNC,Centene Corp.,NYSE,Large,40476405760
CNI,Canadian National Railway Company,NYSE,Large,81320493056
CNK,Cinemark Holdings Inc,NYSE,Small,1681907840
CNO,Cno Financial Group,NYSE,Mid,2966362112
CNP,Centerpoint Energy Inc,NYSE,Large,17809985536
CNQ,Canadian Natural Resources,NYSE,Large,70402162688
CNS,Cohn & Steers Inc,NYSE,Mid,3456408832
CNX,Consol Energy Inc.,NYSE,Mid,3131306752
CODI,Compass Diversified Holdings,NYSE,Small,1665683712
COF,Capital One Financial Corp.,NYSE,Large,51099131904
COO,Cooper Companies,NYSE,Large,18834984960
COP,Conocophillips,NYSE,Large,134022971392
COR,Coresite Realty Corp.,NYSE,Large,46987784192
COTY,Coty Inc,NYSE,Large,10842719232
CP,Canadian Pacific Railway,NYSE,Large,76873080832
CPA,Copa Holdings S.A.,NYSE,Mid,4073951232
CPAC,Cementos Pacasmayo S.A.A.,NYSE,Small,440950208
CFB,Campbell Soup Company,NYSE,Small,686755712
CPE,Callon Petroleum Company,NYSE,Mid,2157762304
CPF,Cpb Inc.,NYSE,Small,521157152
CPK,Chesapeake Utilities Corp.,NYSE,Mid,2281586432
CPT,Camden Property Trust,NYSE,Large,10040744960
CR,Crane Company,NYSE,Mid,7079408128
CRH,Crh Plc,NYSE,Large,51287977984
CRI,Carter's,NYSE,Mid,2783218432
CRK,Comstock Resources,NYSE,Mid,2173138176
CRL,Charles River Laboratories Intl,NYSE,Large,11202708480
CRM,Salesforce.Com Inc,NYSE,Mega,273404346368
CRS,Carpenter Technology Corp.,NYSE,Mid,2955355648
CSL,Carlisle Companies Inc.,NYSE,Large,15426309120
CSTM,Constellium N.V.,NYSE,Mid,2795452928
CSV,Carriage Services,NYSE,Small,373762944
CSX,Csx Corp.,NYSE,Large,71194034176
CTS,Cts Corp.,NYSE,Small,1301625472
CUBE,Cubesmart  ,NYSE,Mid,9797923840
CUK,Carnival Plc Ads,NYSE,Large,19658964992
CUZ,Cousins Properties Inc.,NYSE,Mid,3433693696
CVE,Cenovus Energy Inc,NYSE,Large,31221729280
CVI,Cvr Energy Inc.,NYSE,Mid,3441678848
CVS,Cvs Corp.,NYSE,Large,95224168448
CVX,Chevron Corp.,NYSE,Mega,280444141568
CW,Curtiss-Wright Corp.,NYSE,Mid,8567176192
CWH,Commonwealth REIT,NYSE,Small,1123087360
CWT,California Water Service Group Holding,NYSE,Mid,2629313280
CX,Cemex S.A.B. De C.V. Sponsored,NYSE,Large,12259256320
CXW,Corrections Corporation Of America,NYSE,Small,1627959680
CYD,China Yuchai International,NYSE,Small,348116800
CYH,Community Health Systems,NYSE,Small,515739744
D,Dominion Resources,NYSE,Large,38571991040
DAC,Danaos Corp.,NYSE,Small,1498625152
DAL,Delta Air Lines Inc.,NYSE,Large,25201227776
DAN,Dana Holding Corp.,NYSE,Small,1988977664
DAR,Darling International Inc.,NYSE,Mid,6912521728
DB,Deutsche Bank Ag,NYSE,Large,27794339840
DBD,Diebold Inc.,NYSE,Small,1173583744
DCI,Donaldson Company,NYSE,Mid,7871911424
DCO,Ducommun Inc.,NYSE,Small,730330880
DD,E.I. Du Pont De Nemours And Company,NYSE,Large,26593796096
DDD,3D Systems Corp.,NYSE,Small,654493824
DDS,Dillard's,NYSE,Mid,6286434304
DE,Deere & Company,NYSE,Large,110262870016
DEI,Douglas Emmett,NYSE,Mid,2584116992
DEO,Diageo Plc,NYSE,Large,83660464128
DFP,Flaherty & Crumrine Dynamic,NYSE,Small,386321664
DFS,Discover Financial Services,NYSE,Large,26542405632
DG,Dollar General Corp.,NYSE,Large,29972314112
DGX,Quest Diagnostics Inc.,NYSE,Large,14244952064
DHI,D.R. Horton,NYSE,Large,48498372608
DHR,Danaher Corp.,NYSE,Large,179858456576
DHT,Dht Holdings,NYSE,Small,1801589888
DIN,Dineequity Inc,NYSE,Small,730222272
DIS,Walt Disney Company,NYSE,Large,177018159104
DK,Dalek US Holdings,NYSE,Small,1735155200
DKL,Delek Logistics Partners Lp,NYSE,Mid,2054262272
DKS,Dick's Sporting Goods Inc,NYSE,Large,12396319744
DLB,Dolby Laboratories,NYSE,Mid,7966270976
DLR,Digital Realty Trust,NYSE,Large,43873964032
DLX,Deluxe Corp.,NYSE,Small,873849984
DNB,Dun & Bradstreet Corp.,NYSE,Mid,5129247744
DNP,Duff & Phelps Utilities Income,NYSE,Mid,3282796288
DO,Diamond Offshore Drilling,NYSE,Small,1241165824
DOC,Physicians Realty Trust,NYSE,Mid,3044252160
DOLE,Dole Food Company,NYSE,Small,1088835712
DOV,Dover Corp.,NYSE,Large,21420234752
DOW,DOW Chemical Company,NYSE,Large,37411147776
DOX,Amdocs Limited,NYSE,Large,10751043584
DPG,Duff & Phelps Global Utility I,NYSE,Small,347739840
DPZ,Domino's Pizza Inc,NYSE,Large,14973366272
DQ,Daqq New Energy,NYSE,Small,1186803584
DRD,Drdgold Limited,NYSE,Small,706807552
DRH,Diamondrock Hospitality Company,NYSE,Small,1939511936
DRI,Darden Resorts International,NYSE,Large,19805507584
DRQ,Dril-Quip,NYSE,Small,678876416
DSL,Doubleline Income Solutions Fun,NYSE,Small,1321845632
DSU,Blackrock Debt Strategies Fund,NYSE,Small,516908224
DSX,Diana Shipping Inc.,NYSE,Small,339763328
DTE,Dte Energy Company,NYSE,Large,22034651136
DUK,Duke Energy Corp.,NYSE,Large,74805305344
DV,Devry Inc.,NYSE,Mid,6848736256
DVA,Davita Inc.,NYSE,Large,10123185152
DVN,Devon Energy Corp.,NYSE,Large,27181699072
DX,Dynex Capital,NYSE,Small,701855040
DY,Dycom Industries,NYSE,Mid,3347500032
DYN,Dynegy Inc,NYSE,Small,1757974656
E,Eni S.P.A.,NYSE,Large,52230713344
EAT,Brinker International,NYSE,Small,1987813504
EBF,Ennis,NYSE,Small,531466368
EBR,Centrais Elc Braz Pfb B Elbras,NYSE,Large,18633723904
EC,Ecopetrol S.A.,NYSE,Large,25237966848
ECL,Ecolab Inc.,NYSE,Large,56491933696
ED,Consolidated Edison Company Of New York,NYSE,Large,31746430976
EDD,Emerging Markets Domestic Debt Fund,NYSE,Small,302153376
EDN,Empresa Distibuidora Y Comercializadora,NYSE,Small,1313149440
EDU,New Oriental Education & Technology,NYSE,Large,13034070016
EE,El Paso Electric Company,NYSE,Small,1675138048
EFC,Ellington Financial Llc,NYSE,Small,1003745920
EFR,Eaton Vance Senior Floating-Rate Fund,NYSE,Small,385107360
EFT,Eaton Vance Floating Rate Income Trust,NYSE,Small,347688992
EFX,Equifax,NYSE,Large,30425972736
EGO,Eldorado Gold Corp,NYSE,Mid,2599936768
EGP,Eastgroup Properties,NYSE,Mid,8286192128
EGY,Vaalco Energy Inc,NYSE,Small,454286912
EIG,Employers Holdings Inc,NYSE,Small,1043746048
EIX,Edison International,NYSE,Large,25764329472
EL,Estee Lauder Companies,NYSE,Large,47459459072
ELP,Companhia Paranaense De Energia,NYSE,Mid,6127297536
ELS,Equity Lifestyle Properties,NYSE,Large,13459484672
EMD,Western Asset Emerging Markets Fund,NYSE,Small,546412800
EME,Emcor Group,NYSE,Large,10858317824
EMN,Eastman Chemical Company,NYSE,Mid,9981757440
EMO,Clearbridge Energy MLP Opportu,NYSE,Small,466224960
EMR,Emerson Electric Company,NYSE,Large,53431775232
ENB,Enbridge Inc,NYSE,Large,76842614784
ENR,Energizer Holdings,NYSE,Mid,2293217536
ENS,Enersys,NYSE,Mid,3926792448
ENV,Envestment Inc,NYSE,Mid,2795123200
EOG,Eog Resources,NYSE,Large,66309988352
EOI,Eaton Vance Enhance Equity,NYSE,Small,692007488
EOS,Eaton Vance Enhanced Equity II,NYSE,Small,1001948288
EPAM,Epam Systems Inc.,NYSE,Large,16062376960
EPD,Enterprise Products Partners L.P.,NYSE,Large,58477867008
EPR,Entertainment Properties Trust,NYSE,Mid,3300557568
EQR,Equity Residential,NYSE,Large,22632294400
EQT,Eqt Corp.,NYSE,Large,14594059264
ERF,Enerplus Corp.,NYSE,Mid,2985138688
ERJ,Embraer-Empresa Brasileira De,NYSE,Mid,3335773696
ESE,Esco Technologies Inc.,NYSE,Mid,2651097344
ESI,Itt Educational Services,NYSE,Mid,5378561536
ESS,Essex Property Trust,NYSE,Large,15558918144
ETB,Eaton Vance Tax-Managed Buy-Write,NYSE,Small,383906752
ETG,Eaton Vance Tax-Advantaged Global,NYSE,Small,1340326272
ETJ,Eaton Vance Risk-Managed Diversified,NYSE,Small,538750912
ETN,Eaton Corp.,NYSE,Large,104552710144
ETO,Eaton Vance Tax-Advantage Global,NYSE,Small,393643808
ETR,Entergy Corp.,NYSE,Large,21339740160
ETV,Eaton Vance Corp.,NYSE,Small,1455351040
ETW,Eaton Vance Corp.,NYSE,Small,859368896
ETY,Eaton Vance Tax-Managed Diversified,NYSE,Small,1973645568
EVC,Entravision Communications Corp.,NYSE,Small,404921664
EVER,Everbank Financial Corp.,NYSE,Small,462123264
EVN,Eaton Vance Muni Income Trust,NYSE,Small,407382176
EVR,Evercore Partners Inc,NYSE,Mid,6481758720
EVT,Eaton Vance Tax Advantaged Dividend,NYSE,Small,1651995136
EVTC,Evertec Inc. Common Stock,NYSE,Mid,2648268800
EW,Edwards Lifesciences Corp.,NYSE,Large,47613280256
EXC,Exelon Corp.,NYSE,Large,34725818368
EXG,Eaton Vance Tax-Managed Global,NYSE,Mid,2401068032
EXK,Endeavour Silver Corp.,NYSE,Small,326511136
EXP,Eagle Materials Inc.,NYSE,Mid,7924235264
EXP,Eagle Materials Inc ,NYSE,Mid,7924235264
EXR,Extra Space Storage Inc,NYSE,Large,31676968960
F,Ford Motor Company,NYSE,Large,47054675968
FAF,First American Corp.,NYSE,Mid,6254832128
FBP,First Bancorp.,NYSE,Mid,2758792448
FC,Franklin Covey Company,NYSE,Small,545132800
FCF,First Commonwealth Financial Corp.,NYSE,Small,1374478080
FCN,Fti Consulting,NYSE,Mid,6793716224
FCX,Freeport-Mcmoran Copper & Gold,NYSE,Large,57323347968
FDP,Fresh Del Monte Produce,NYSE,Small,1190144896
FDS,Factset Research Systems Inc.,NYSE,Large,18195206144
FDX,Fedex Corp.,NYSE,Large,60214218752
FE,Firstenergy Corp.,NYSE,Large,21254107136
FEI,First Trust MLP And Energy Inc,NYSE,Small,391989824
FFA,First Trust Enhanced Equity Income Fund,NYSE,Small,366181984
FFC,Flaherty Crumrine/Claymore Preferred,NYSE,Small,699133632
FHN,First Tennessee National Corp.,NYSE,Mid,7775284224
FI,Frank's International N.V.,NYSE,Large,85658542080
FICO,Fair Isaac And Company Inc.,NYSE,Large,30369265664
FIX,Comfort Systems USA,NYSE,Mid,7945650176
FL,Footlocker Inc,NYSE,Mid,2738695936
FLO,Flowers Foods,NYSE,Mid,4911558656
FLR,Fluor Corp.,NYSE,Mid,6423137792
FLS,Flowserve Corp.,NYSE,Mid,5273289728
FLT,Fleetcor Technologies,NYSE,Large,21225115648
FMC,Fmc Corp.,NYSE,Mid,7554157568
FMS,Fresenius Medical Care Corp.,NYSE,Large,11613091840
FMX,Fomento Economico Mexicano S.A.B. De,NYSE,Mega,252005089280
FN,Fabrinet,NYSE,Mid,8000245760
FNB,F.N.B. Corp.,NYSE,Mid,4639264256
FNF,Fidelity National Financial,NYSE,Large,13594863616
FNV,Franco Nev Corp,NYSE,Large,21314033664
FOF,Cohen & Steers Closed-End Opportunity,NYSE,Small,319083776
FOR,Forestar Group Inc,NYSE,Small,1574268672
FPF,First Trust Intermediate Durat,NYSE,Small,1053883904
FR,First Industrial Realty Trust,NYSE,Mid,7066631168
FRA,Blackrock Floating Rate Income Fund,NYSE,Small,441448896
FRO,Frontline Ltd,NYSE,Mid,5066899968
FRT,Federal Realty Investment Trust,NYSE,Mid,8413573120
FSD,High Income Long Short Fund,NYSE,Small,389005344
FSM,Fortuna Silver Mines,NYSE,Small,974152128
FSS,Federal Signal Corp.,NYSE,Mid,4773771264
FTI,Fmc Technologies,NYSE,Mid,8487115264
FUL,H.B. Fuller Company,NYSE,Mid,4119537152
FUN,Cedar Fair L.P.,NYSE,Mid,2084180096
G,Genpact Limited,NYSE,Mid,6565300224
GAB,Gabelli Equity Trust,NYSE,Small,1543321088
GAM,General American Investors,NYSE,Small,1043034624
GB,Greatbatch,NYSE,Small,898087552
GBAB,Guggenheim Build America Bonds,NYSE,Small,387713024
GBX,Greenbrier Companies,NYSE,Small,1415439744
GCI,Gannet Co.,NYSE,Small,366234976
GCO,Genesco Inc.,NYSE,Small,327321600
GD,General Dynamics Corp.,NYSE,Large,72628805632
GDOT,Green Dot Corp.,NYSE,Small,474955584
GDV,Gabelli Dividend,NYSE,Small,1950135168
GE,General Electric Company,NYSE,Large,146366676992
GEF,Greif Bros. Corp.,NYSE,Mid,2946452736
GEL,Genesis Energy L.P.,NYSE,Small,1436600704
GEO,Geo Group Inc,NYSE,Small,1416406144
GES,Guess,NYSE,Small,1218330880
GFF,Griffon Corp.,NYSE,Mid,3007739392
GFI,Gold Fields Ltd,NYSE,Large,14050932736
GGB,Gerdau S.A.,NYSE,Mid,7444207616
GGG,Graco Inc.,NYSE,Large,14530958336
GHI,Global High Income Dollar Fund,NYSE,Small,392480992
GHY,Prudential Global Short Durati,NYSE,Small,471647936
GIB,Cgi Group,NYSE,Large,26726664192
GIL,Gildan Activewear,NYSE,Mid,5861850624
GIS,General Mills,NYSE,Large,37009387520
GLP,Global Partners Lp,NYSE,Small,1618281472
GLW,Corning Inc.,NYSE,Large,27280269312
GM,General Motors Company,NYSE,Large,44717072384
GME,Gamestop Corp.,NYSE,Mid,4348991488
GMED,Globus Medical Inc.,NYSE,Mid,7237577216
GNE,Genie Energy Ltd. Class B Commo.,NYSE,Small,523135424
GNK,Genco Shipping,NYSE,Small,763569728
GNRC,Generac Holdings Inc.,NYSE,Mid,7082449408
GNW,Genworth Financial Inc,NYSE,Mid,2748875264
GOF,Claymore/Guggenheim Strategic Fund,NYSE,Small,1659211776
GOL,Gol Linhas Aereas Inteligentes S.A.,NYSE,Mid,4417359360
GPC,Genuine Parts Company,NYSE,Large,19697678336
GPI,Group 1 Automotive,NYSE,Mid,3644268544
GPK,Graphic Packaging Holdings Company,NYSE,Mid,7879334400
GPN,Global Payments Inc.,NYSE,Large,34834837504
GPS,Gap,NYSE,Mid,7019868672
GS,Goldman Sachs Group,NYSE,Large,125256359936
GSK,Glaxosmithkline Plc,NYSE,Large,82196439040
GSL,Global Ship Lease Inc,NYSE,Small,750293440
GTN,Gray Television,NYSE,Small,904200192
GTY,Getty Realty Corp.,NYSE,Small,1457204736
GUT,Gabelli Utility Trust,NYSE,Small,399365120
GVA,Granite Construction Inc.,NYSE,Small,1988421120
GWRE,Guidewire Software Inc. Common,NYSE,Mid,9240121344
GWW,W.W. Grainger,NYSE,Large,45406359552
H,Hyatt Hotels Corp.,NYSE,Large,13188125696
HAE,Haemonetics Corp.,NYSE,Mid,3941169920
HAL,Halliburton Company,NYSE,Large,31783297024
HASI,Hannon Armstrong Sustainable In,NYSE,Mid,2718700544
HBI,Hanesbrands Inc.,NYSE,Small,1594436608
HBM,Hudbay Minerals Inc,NYSE,Small,1967411712
HCA,Hca Holdings Inc. Common Stock,NYSE,Large,83193053184
HCC,Hcc Insurance Holdings,NYSE,Mid,3320366592
HCI,Homeowners Choice,NYSE,Small,872054080
HCP,Hcp,NYSE,Mid,4305090560
HD,Home Depot,NYSE,Mega,354582003712
HDB,Hdfc Bank Limited,NYSE,Large,143682486272
HE,Hawaiian Electric Industries,NYSE,Small,1456389888
HEI,Heico Corp.,NYSE,Large,21872695296
HEP,Holly Energy Partners L.P.,NYSE,Mid,2585698048
HES,Hess Corp.,NYSE,Large,43472216064
HI,Hillenbrand Inc,NYSE,Mid,3274047744
HIG,Hartford Financial Services Group,NYSE,Large,25965473792
HII,Huntington Ingalls Industries,NYSE,Large,10593462272
HIO,Western Asset High,NYSE,Small,375166336
HIW,Highwoods Properties,NYSE,Mid,2416944384
HIX,Western Asset High Income Fund II Inc.,NYSE,Small,308669024
HL,Hecla Mining Company,NYSE,Mid,2401835264
HLF,Herbalife Ltd,NYSE,Small,1217100288
HLX,Helix Energy Solutions Group,NYSE,Small,1446004608
HMC,Honda Motor Company,NYSE,Large,55379177472
HMN,Horace Mann Educators Corp.,NYSE,Small,1478237952
HMY,Harmony Gold Mining Co. Ltd,NYSE,Mid,4319016960
HNI,Hon Industries Inc.,NYSE,Small,1910919936
HOG,Harley-Davidson,NYSE,Mid,4625852928
HON,Honeywell International Inc.,NYSE,Large,129457119232
HOV,Hovnanian Enterprises Inc,NYSE,Small,1065562240
HP,Helmerich & Payne,NYSE,Mid,3940216320
HPF,John Hancock Pfd II,NYSE,Small,349121024
HPI,John Hancock Preferred,NYSE,Small,423050112
HPP,Hudson Pacific Properties,NYSE,Small,1130906624
HPQ,Hewlett-Packard Company,NYSE,Large,28433932288
HPS,John Hancock Preferred Income Fund III,NYSE,Small,475372576
HQH,H&Q Healthcare Investors,NYSE,Small,853902848
HQL,H&Q Life Sciences Investors,NYSE,Small,371465344
HR,Healthcare Realty Trust Inc.,NYSE,Mid,6168253952
HRB,H&R Block,NYSE,Mid,6638097920
HRL,Hormel Foods Corp.,NYSE,Large,16741506048
HST,Host Marriott Financial Trust,NYSE,Large,13779528704
HSY,Hershey Foods Corp.,NYSE,Large,40343363584
HTD,John Hancock Tax Advantaged Dividend,NYSE,Small,687376896
HTGC,Hercules Technology Growth Capital,NYSE,Mid,2577675776
HTH,Hilltop Holdings Inc.,NYSE,Mid,2000197120
HTZ,Hertz Global Holdings Inc,NYSE,Mid,2577933824
HUM,Humana Inc.,NYSE,Large,45624999936
HUN,Huntsman Corp.,NYSE,Mid,4254345728
HVT,Haverty Furniture Companies,NYSE,Small,556663744
HXL,Hexcel Corp.,NYSE,Mid,5663293440
HY,Hyster-Yale Materials Handling,NYSE,Small,1154872320
HYT,Blackrock High Yield Fund Vi Inc,NYSE,Small,1377040768
HZO,Marinemax,NYSE,Small,643566464
IAG,Iamgold Corp.,NYSE,Small,1218670464
IBM,International Business Machines Corp.,NYSE,Large,170031792128
IBN,Icici Bank Limited,NYSE,Large,89087819776
ICE,Intercontinentalexchange,NYSE,Large,73714761728
IDA,Idacorp,NYSE,Mid,4744668672
IDT,Idt Corp.,NYSE,Small,889930368
IEX,Idex Corp.,NYSE,Large,16394852352
IFF,Internationa Flavors & Fragrances,NYSE,Large,20825661440
IFN,India Fund,NYSE,Small,580561664
IGD,ING Global Equity Dividend And Premium,NYSE,Small,403028064
IGR,ING Clarion Global Real Estate,NYSE,Small,741135808
IGT,International Game Technology,NYSE,Mid,5286710272
IHG,Intercontinental Hotels Group,NYSE,Large,16016120832
IHS,Ihs Inc.,NYSE,Small,1136188160
IIM,Invesco Insured Muni Income Trust,NYSE,Small,556381440
IMAX,Imax Corp.,NYSE,Small,752212800
INFY,Infosys Limited,NYSE,Large,83864494080
ING,ING Group N.V.,NYSE,Large,44581892096
INGR,Ingredion Inc,NYSE,Mid,7146401792
INN,Summit Hotel Properties,NYSE,Small,701415104
IP,International Paper Company,NYSE,Large,12011979776
IPG,Interpublic Group Of Companies,NYSE,Large,12642961408
IQI,Invesco Quality Muni Income Trust,NYSE,Small,509006560
IR,Ingersoll-Rand Plc [Ireland],NYSE,Large,33011195904
IRM,Iron Mountain Inc.,NYSE,Large,19966275584
IRS,Irsa Inversiones Y Representaciones S.A.,NYSE,Small,967804992
ISD,Prudential Short Duration High,NYSE,Small,423191520
IT,Gartner,NYSE,Large,36359897088
ITT,Itt Industries,NYSE,Large,10122108928
ITUB,Itau Unibanco Banco Holding Sa,NYSE,Large,64557367296
ITW,Illinois Tool Works Inc.,NYSE,Large,76264071168
IVR,Invesco Mortgage Capital Inc,NYSE,Small,427180160
IVZ,Invesco Plc,NYSE,Mid,7138917376
IX,Orix Corp Ads,NYSE,Large,22559500288
JBI,Lehman Abs Cp 7.857%,NYSE,Mid,2120930432
JBL,Jabil Circuit,NYSE,Large,16456622080
JBT,John Bean Technologies Corp.,NYSE,Mid,3135793408
JCI,Johnson Controls,NYSE,Large,36950769664
JFR,Nuveen Floating Rate,NYSE,Small,1139475968
JHX,James Hardie Industries Se,NYSE,Large,16882186240
JKS,Jinkosolar Holding Company Limited,NYSE,Small,1384700160
JLL,Jones Lang Lasalle Inc.,NYSE,Mid,8441335296
JNJ,Johnson & Johnson,NYSE,Mega,380879863808
JNPR,Juniper Networks,NYSE,Large,11842057216
JOE,St. Joe Company,NYSE,Mid,3274377472
JPC,Nuveen Preferred And Convertible,NYSE,Small,763799104
JPI,Nuveen Preferred And Income Term Fund,NYSE,Small,426923296
JPM,J P Morgan Chase & Co,NYSE,Mega,499108315136
JQC,Nuveen Preferred And Convertible 2,NYSE,Small,732261440
JRI,Nuveen Real Asset Income And Gr,NYSE,Small,324613728
JWN,Nordstrom,NYSE,Mid,2907708672
K,Kellogg Company,NYSE,Large,18961907712
KAI,Kadant Inc,NYSE,Mid,3359703808
KAMN,Kaman Corp.,NYSE,Small,1279782016
KAR,Kar Auction Services Inc,NYSE,Small,1534395648
KB,Kb Financial Group Inc,NYSE,Large,17633437696
KBH,Kb Home,NYSE,Mid,4593367552
KBR,Kbr,NYSE,Mid,7137661440
KEP,Korea Electric Power Corp.,NYSE,Mid,9875616768
KEX,Kirby Corp.,NYSE,Mid,4828765696
KEY,Keycorp,NYSE,Large,13116578816
KFY,Korn/Ferry International,NYSE,Mid,3074705152
KGC,Kinross Gold Corp.,NYSE,Mid,7052455424
KIM,Kimco Realty Corp.,NYSE,Large,13738899456
KIO,Kkr Income Opportunities Fund,NYSE,Small,351748864
KKR,Kkr,NYSE,Large,77291421696
KMB,Kimberly-Clark Corp.,NYSE,Large,41320042496
KMI,Kinder Morgan,NYSE,Large,38064934912
KMPR,Unitrin,NYSE,Mid,3791392768
KMT,Kennametal Inc.,NYSE,Small,1983714176
KMX,Carmax Inc,NYSE,Large,11307143168
KNX,Knight Transportation,NYSE,Mid,9244022784
KO,Coca-Cola Company,NYSE,Mega,262063505408
KOF,Coca Cola Femsa S.A.B. De C.V.,NYSE,Large,21065197568
KOP,Koppers Holdings Inc.,NYSE,Small,1084987648
KOS,Kosmos Energy Ltd.,NYSE,Mid,2779185152
KR,Kroger Company,NYSE,Large,33449570304
KRC,Kilroy Realty Corp.,NYSE,Mid,4118788096
KRG,Kite Realty Group Trust,NYSE,Mid,4799866880
KRO,Kronos Worldwide Inc,NYSE,Small,1093676800
KSS,Kohl's Corp.,NYSE,Mid,2825370368
KT,Korea Telecom Corp.,NYSE,Mid,7042968064
KTF,Scudder Municiple Income Trust,NYSE,Small,356276640
KW,Kennedy-Wilson Holdings Inc.,NYSE,Small,1419000448
KWR,Quaker Chemical Corp.,NYSE,Mid,3413533952
KYN,Kayne Anderson MLP Investment Company,NYSE,Small,1498456320
L,Loews Corp.,NYSE,Large,16119839744
LAD,Lithia Motors,NYSE,Mid,8206177280
LAZ,Lazard Ltd,NYSE,Mid,3550792960
LDP,Cohen & Steers Limited Duration,NYSE,Small,562391744
LEA,Lear Corp.,NYSE,Mid,7881107456
LEG,Leggett & Platt Inc.,NYSE,Mid,3114331904
LEN,Lennar Corp.,NYSE,Large,42500534272
LEO,Dreyfus Strategic Municipals,NYSE,Small,373751648
LH,Laboratory Corporation Of America,NYSE,Large,18933549056
LII,Lennox International,NYSE,Large,15143386112
LIN,Lin Media Llc,NYSE,Large,197701779456
LLY,Eli Lilly And Company,NYSE,Mega,622004928512
LMT,Lockheed Martin Corp.,NYSE,Large,104055103488
LNC,Lincoln National Corp.,NYSE,Mid,4501981184
LND,Brasilagro Brazi ADR,NYSE,Small,492781696
LNN,Lindsay Corp.,NYSE,Small,1448026240
LNT,Alliant Energy Corp.,NYSE,Large,12593083392
LOW,Lowe's Companies,NYSE,Large,125366009856
LPL,Lg Display Co. Limited American,NYSE,Mid,3443057408
LPX,Louisiana-Pacific Corp.,NYSE,Mid,4839257600
LRN,K12 Inc,NYSE,Mid,2638391808
LTC,Ltc Properties,NYSE,Small,1288939136
LUV,Southwest Airlines Company,NYSE,Large,17802975232
LVS,Las Vegas Sands,NYSE,Large,38369083392
LXP,Lexington Realty Trust,NYSE,Mid,2684581120
LXU,Lsb Industries Inc.,NYSE,Small,570592576
LYB,Lyondellbasell Industries Nv,NYSE,Large,30632747008
LYG,Lloyds Banking Group Plc,NYSE,Large,35253288960
LYV,Live Nation Entertainment,NYSE,Large,20418310144
LZB,La-Z-Boy Inc.,NYSE,Small,1493432320
M,Macy's Inc,NYSE,Mid,5023045632
MA,Mastercard Inc.,NYSE,Mega,428179062784
MAA,Mid-America Apartment Communities,NYSE,Large,15158529024
MAC,Macerich Company,NYSE,Mid,3500469248
MAIN,Main Street Capital Corp.,NYSE,Mid,3751701248
MAN,Manpower Inc,NYSE,Mid,3549864192
MANU,Manchester United Ltd.,NYSE,Mid,3173442816
MAR,Marriot International,NYSE,Large,70832398336
MAS,Masco Corp.,NYSE,Large,15351376896
MATX,Matson Inc,NYSE,Mid,3930874880
MBI,Mbia,NYSE,Small,312973728
MCD,Mcdonald's Corp.,NYSE,Mega,213951741952
MCI,Massmutual Corporate Investors,NYSE,Small,366299104
MCK,Mckesson Corp.,NYSE,Large,66665394176
MCO,Moody's Corp.,NYSE,Large,72792866816
MCS,Marcus Corp.,NYSE,Small,427864768
MCY,Mercury General Corp.,NYSE,Mid,2200447488
MD,Mednax Inc,NYSE,Small,784783296
MDC,M.D.C. Holdings,NYSE,Mid,4679023104
MDT,Medtronic,NYSE,Large,117434695680
MDU,Mdu Res Group Inc,NYSE,Mid,4032032256
MED,Medifast Inc,NYSE,Small,602578624
MEG,Media General,NYSE,Small,908664832
MEI,Methode Electronics,NYSE,Small,756843264
MET,Metlife,NYSE,Large,48393695232
MFA,Mfa Financial Inc,NYSE,Small,1134314880
MFC,Manulife Financial Corp,NYSE,Large,39569715200
MFG,Mizuho Financial Group,NYSE,Large,46538088448
MGA,Magna International,NYSE,Large,16457282560
MGM,Mgm Resorts International,NYSE,Large,15106850816
MHD,Blackrock Muniholdings Fund,NYSE,Small,637043712
MHK,Mohawk Industries,NYSE,Mid,6863030272
MHN,Blackrock Muniholdings New York Quality,NYSE,Small,324629792
MHO,M/I Homes,NYSE,Mid,3604570624
MIN,Mfs Intermediate Income Trust,NYSE,Small,322653952
MIY,Blackrock Muniyield Michigan Quality,NYSE,Small,334126976
MKC,Mccormick & Company Inc.,NYSE,Large,18335354880
MKL,Markel Corp.,NYSE,Large,18013313024
MLI,Mueller Industries,NYSE,Mid,5532397056
MLM,Martin Marietta Materials,NYSE,Large,31392804864
MLP,Maui Land & Pineapple Company,NYSE,Small,391353632
MLR,Miller Industries,NYSE,Small,465263648
MMC,Marsh & Mclennan Companies,NYSE,Large,94911725568
MMD,Mainstay Defined Muni Opp Fund,NYSE,Small,467738080
MMM,3M Company,NYSE,Large,52771483648
MMS,Maximus,NYSE,Mid,4931947520
MMU,Western Asset Managed Municipals Fund,NYSE,Small,559737856
MNR,Monmouth Real Estate Investment Corp.,NYSE,Small,1692899968
MO,Altria Group,NYSE,Large,73142517760
MOD,Modine Manufacturing Company,NYSE,Mid,3595290112
MODN,Model N Inc. Common Stock,NYSE,Small,1052310784
MOH,Molina Healthcare Inc,NYSE,Large,20809019392
MOS,Mosaic Company,NYSE,Large,10135153664
MOV,Movado Group Inc.,NYSE,Small,613161600
MPC,Marathon Petroleum Corporation,NYSE,Large,62004322304
MPLX,Mplx Lp,NYSE,Large,39182741504
MPW,Medical Properties Trust,NYSE,Small,1898889856
MPX,Marine Products Corp.,NYSE,Small,357268000
MQY,Blackrock Muniyield Quality Fund,NYSE,Small,894115904
MRC,Mrc Global Inc.,NYSE,Small,895201984
MRK,Merck & Company,NYSE,Mega,317563404288
MRO,Marathon Oil Corp.,NYSE,Large,13419713536
MS,Morgan Stanley,NYSE,Large,142162051072
MSA,Mine Safety Appliances Company,NYSE,Mid,6552390656
MSCI,MSCI Inc,NYSE,Large,46659854336
MSI,Motorola Solutions,NYSE,Large,53771972608
MSM,Msc Industrial Direct Company,NYSE,Mid,5623965696
MT,Arcelormittal,NYSE,Large,22713587712
MTB,M&T Bank Corp.,NYSE,Large,21845268480
MTD,Mettler-Toledo International,NYSE,Large,26113150976
MTDR,Matador Resources Company,NYSE,Mid,6551828992
MTG,Mgic Investment Corp.,NYSE,Mid,5487985152
MTH,Meritage Corp.,NYSE,Mid,5738672128
MTN,Vail Resorts,NYSE,Mid,8357109248
MTRN,Brush Wellman Inc,NYSE,Mid,2441996032
MTW,Manitowoc Company,NYSE,Small,576095680
MTX,Minerals Technologies Inc.,NYSE,Mid,2133577984
MTZ,Mastec,NYSE,Mid,5478205952
MUA,Blackrock Muniassets Fund,NYSE,Small,426069024
MUC,Blackrock Muniholdings California,NYSE,Small,1070107008
MUI,Blackrock Muni Intermediate Duration,NYSE,Small,859842432
MUJ,Blackrock Muniholdings New Jersey,NYSE,Small,622291456
MUR,Murphy Oil Corp.,NYSE,Mid,5933158400
MUX,Mcewen Mining Inc,NYSE,Small,339283712
MWA,Mueller Water Products,NYSE,Mid,2152279552
MXL,Maxlinear Inc,NYSE,Small,1487259520
MYD,Blackrock Muniyield Fund,NYSE,Small,501695360
MYE,Myers Industries,NYSE,Small,696247616
MYI,Blackrock Muniyield Quality Fund III,NYSE,Small,771591296
MYN,Blackrock Muniyield New York Quality,NYSE,Small,399607936
NAC,Nuveen California Divadv Fund,NYSE,Small,1615242624
NAD,Nuveen Divadv Fund,NYSE,Mid,2658482944
NAN,Nuveen New York Divadv Fund,NYSE,Small,342424768
NAT,Nordic American Tanker Shipping Limited,NYSE,Small,930415872
NBB,Nuveen Build America Bond Fund,NYSE,Small,476533792
NBHC,National Bank Holdings Corp.,NYSE,Small,1284686592
NBR,Nabors Industries,NYSE,Small,789484864
NE,Noble Corp.,NYSE,Mid,6165470208
NEE,Nextera Energy,NYSE,Large,121266315264
NEM,Newmont Mining Corp.,NYSE,Large,40919158784
NEU,Newmarket Corp.,NYSE,Mid,5654736384
NFG,National Fuel Gas Company,NYSE,Mid,4372214272
NFJ,Nfj Dividend Interest & Premium Strategy,NYSE,Small,1159423488
NGG,National Grid Transco Plc,NYSE,Large,50719965184
NGL,Ngl Energy Partners Lp,NYSE,Small,780559296
NGVC,Natural Grocers By Vitamin Cottage Inc,NYSE,Small,340375904
NHI,National Health Investors,NYSE,Mid,2305494528
NI,Nisource Inc,NYSE,Large,10827339776
NIE,Agic Equity & Convertible,NYSE,Small,594219520
NIO,Nuveen Insured Muni Opportunity Fund,NYSE,Large,11775592448
NJR,Newjersey Resources Corp.,NYSE,Mid,4048105472
NKE,Nike,NYSE,Large,153057411072
NLY,Annaly Capital Management Inc,NYSE,Mid,9671690240
NMFC,New Mountain Finance Corporati,NYSE,Small,1297417600
NMM,Navios Maritime Partners Lp,NYSE,Small,873234688
NMR,Nomura Holdings Inc ADR,NYSE,Large,16684814336
NNI,Nelnet,NYSE,Mid,3282237440
NNN,National Retail Properties,NYSE,Mid,7426220544
NOA,North American Energy Partners,NYSE,Small,621251136
NOAH,Noah Holdings Ltd,NYSE,Small,741301824
NOC,Northrop Grumman Corp.,NYSE,Large,67073593344
NOK,Nokia Corp.,NYSE,Large,20014110720
NOV,National-Oilwell,NYSE,Mid,7756423168
NOW,Servicenow Inc.,NYSE,Large,156724559872
NPK,National Presto Industries,NYSE,Small,561635136
NPO,Enpro Industries,NYSE,Mid,3209704192
NQP,Nuveen Pennsylvania Investment,NYSE,Small,438106496
NR,Newpark Resources,NYSE,Small,539033728
NRG,Nrg Energy,NYSE,Large,12139330560
NRP,Natural Resource Partners Lp,NYSE,Small,1228714880
NS,Nustar Energy L.P.,NYSE,Mid,2846880000
NSC,Norfolk Souther Corp.,NYSE,Large,56311922688
NSP,Insperity Inc,NYSE,Mid,4225942528
NSR,Neustar,NYSE,Small,477006432
NSS,Nustar Logistics L.P.,NYSE,Small,1998557184
NU,Northeast Utilities,NYSE,Large,42508894208
NUE,Nucor Corp.,NYSE,Large,46198067200
NUS,Nu Skin Enterprises,NYSE,Small,921681024
NUV,Nuveen Muni Value Fund,NYSE,Small,1845193728
NVO,Novo Nordisk A/S,NYSE,Mega,513211301888
NVR,Nvr,NYSE,Large,22728263680
NVS,Novartis Ag,NYSE,Mega,216664817664
NWE,Northwestern Corp.,NYSE,Mid,2954323712
NWL,Newell Rubbermaid Inc.,NYSE,Mid,3475138048
NWN,Northwest Natural Gas Company,NYSE,Small,1364842752
NX,Quanex Building Products Corp.,NYSE,Small,1042597888
NXP,Nuveen Tax Free Income Portfolio,NYSE,Small,689251072
NYCB,New York Community Bancorp,NYSE,Mid,4384240640
NYT,New York Times Company,NYSE,Mid,8018129920
O,Realty Income Corp.,NYSE,Large,45432733696
OC,Owens Corning Inc,NYSE,Large,13661864960
ODC,Oil-Dri Corporation Of America,NYSE,Small,467745632
ODP,Office Depot,NYSE,Small,1924224512
OFG,Oriental Financial Group,NYSE,Small,1714112000
OGE,Oge Energy Corp.,NYSE,Mid,6722633216
OHI,Omega Healthcare Investors,NYSE,Mid,7346098176
OI,Owens-Illinois,NYSE,Mid,2274487040
OIA,Invesco Muni Income Trust,NYSE,Small,306294976
OII,Oceaneering International,NYSE,Mid,2080978432
OIS,Oil States International,NYSE,Small,395474144
OKE,Oneok,NYSE,Large,40312524800
OLN,Olin Corp.,NYSE,Mid,6298480128
OLP,One Liberty Properties,NYSE,Small,431004192
OMC,Omnicom Group Inc.,NYSE,Large,17775462400
OMI,Owens & Minor,NYSE,Small,1515867392
ONB,Old National Bancorp Capital,NYSE,Mid,4716427776
OPK,Opko Health Inc,NYSE,Small,692949440
OPY,Oppenheimer Holdings,NYSE,Small,398340832
ORA,Ormat Technologies,NYSE,Mid,3957418240
ORAN,Orange Ads,NYSE,Large,31692236800
ORCL,Oracle Corp.,NYSE,Mega,316565651456
ORI,Old Republic International Corp.,NYSE,Mid,7730020864
OSK,Oshkosh Truck Corp.,NYSE,Mid,7296221696
OXM,Oxford Industries,NYSE,Small,1492196992
OXY,Occidental Petroleum Corp.,NYSE,Large,50632036352
PAA,Plains All American Pipeline L.P.,NYSE,Large,11009095680
PAC,Grupo Aeroportuario Del Pacifico,NYSE,Mid,8240668672
PAG,Penske Automotive Group,NYSE,Large,10063419392
PAM,Pampa Energia S.A.,NYSE,Mid,4084848128
PANW,Palo Alto Networks Inc.,NYSE,Large,106443702272
PAR,Par Technology Corp.,NYSE,Small,1280022144
PAY,Verifone Systems,NYSE,Small,1991521792
PB,Prosperity Bancshares,NYSE,Mid,5855750656
PBA,Pembina Pipeline Cor,NYSE,Large,19139352576
PBF,Pbf Energy Inc.,NYSE,Mid,6144266240
PBH,Prestige Brand Holdings,NYSE,Mid,3078089728
PBI,Pitney Bowes Inc,NYSE,Small,707087360
PBR,Petroleo Brasileiro S.A.- Petrobras,NYSE,Large,113244389376
PBT,Permian Basin Royalty Trust,NYSE,Small,668603264
PCG,Pacific Gas & Electric Co.,NYSE,Large,43125211136
PCN,Pimco Corporate,NYSE,Small,663487552
PDI,Pimco Dynamic Income Fund,NYSE,Mid,5286283776
PDM,Piedmont Office Realty Trust,NYSE,Small,830732800
PDS,Precision Drilling Corp.,NYSE,Small,897734592
PDT,John Hancock Premium Dividend Fund,NYSE,Small,537840192
PEB,Pebblebrook Hotel Trust,NYSE,Small,1832232960
PEG,Public Service Enterprise Group Inc.,NYSE,Large,29074130944
PEO,Petroleum Resources Corp.,NYSE,Small,518268992
PEP,Pepsico,NYSE,Mega,234929061888
PFE,Pfizer,NYSE,Large,152735399936
PFG,Principal Financial Group Inc,NYSE,Large,18326730752
PFL,Pimco Income Strategy Fund,NYSE,Small,326904608
PFN,Pimco Income Strategy Fund II,NYSE,Small,628251008
PFS,Provident Financial Services,NYSE,Small,1206517888
PFSI,Pennymac Financial Services In,NYSE,Mid,4364014592
PG,Procter & Gamble Company,NYSE,Mega,373588983808
PGR,Progressive Corp.,NYSE,Large,104762843136
PH,Parker-Hannifin Corp.,NYSE,Large,63368220672
PHG,Koninklijke Philips Electronics,NYSE,Large,19641208832
PHI,Philippine Long Distance Telephone,NYSE,Mid,4845376512
PHK,Pimco High,NYSE,Small,731721536
PHM,Pultegroup,NYSE,Large,22916886528
PII,Polaris Industries Inc.,NYSE,Mid,5083107840
PKE,Park Electrochemical Corp.,NYSE,Small,300661728
PKG,Packaging Corporation Of America,NYSE,Large,14779046912
PKX,Pohang Iron & Steel Co.,NYSE,Large,25413857280
PL,Protective Life Corp.,NYSE,Small,657225408
PLD,Prologis Inc,NYSE,Large,122005725184
PLOW,Douglas Dynamics,NYSE,Small,581725056
PM,Philip Morris International Inc,NYSE,Large,144094691328
PML,Pimco Muni II,NYSE,Small,566365888
PMO,Putnam Muni Opportunities Trust,NYSE,Small,342867744
PMT,Pennymac Mortgage Investment Trust,NYSE,Small,1240888832
PNC,Pnc Bank,NYSE,Large,58000785408
PNM,Pnm Resources Inc.,NYSE,Mid,3089198080
PNR,Pentair,NYSE,Large,12175925248
PNW,Pinnacle West Capital Corp.,NYSE,Mid,7912912384
POR,Portland General Electric Company,NYSE,Mid,4166308864
POST,Post Holdings Inc. Common Stoc,NYSE,Mid,5666082304
PPG,Ppg Industries,NYSE,Large,33195923456
PPL,Ppl Corp.,NYSE,Large,19485872128
PPT,Putnam Premier Income Trust,NYSE,Small,360620640
PRA,Pro-Assurance Corp.,NYSE,Small,667188160
PRGO,Perrigo Company,NYSE,Mid,4386329088
PRI,Primerica,NYSE,Mid,7957622784
PRLB,Proto Labs Inc.,NYSE,Small,941185344
PRO,Pros Holdings,NYSE,Small,1641585792
PRU,Prudential Financial Inflation Retail,NYSE,Large,36850880512
PSA,Public Storage,NYSE,Large,50098655232
PSO,Pearson Plc,NYSE,Mid,8543583232
PSX,Phillips 66 Common Stock,NYSE,Large,63512719360
PTY,Pimco Corporate Opportunity Fund,NYSE,Small,1992890368
PUK,Prudential Public Limited Company,NYSE,Large,29221208064
PVH,Phillips-Van Heusen Corp.,NYSE,Mid,7226872320
PWR,Quanta Services,NYSE,Large,28945127424
PX,Praxair,NYSE,Small,1017525888
PXD,Pioneer Natural Resources Company,NYSE,Large,53766000640
R,Ryder System,NYSE,Mid,5074989056
RBA,Ritchie Bros. Auctioneers Inc.,NYSE,Large,11852376064
RBC,Regal-Beloit Corp.,NYSE,Mid,7884943872
RCI,Rogers Communication,NYSE,Large,25303001088
RCL,Royal Caribbean Cruises Ltd,NYSE,Large,32242051072
RDN,Radian Group Inc.,NYSE,Mid,4445469184
RDY,Dr. Reddy's Laboratories Ltd,NYSE,Large,12314141696
REG,Regency Centers Corp.,NYSE,Large,11692000256
RES,Rpc,NYSE,Small,1575220992
REX,Rex Stores Corp.,NYSE,Small,736468160
REXR,Rexford Industrial Realty Inc,NYSE,Large,11550358528
RF,Regions Financing TR I,NYSE,Large,16733731840
RFI,Cohen & Steers Total Return Realty Fund,NYSE,Small,319362336
RGA,Reinsurance Group Of America Inc.,NYSE,Large,11335797760
RGP,Ross Group Plc,NYSE,Small,444821344
RGR,Sturm Ruger & Company,NYSE,Small,778558208
RH,Restoration Hardware Holdings,NYSE,Mid,4630369280
RHI,Robert Half International Inc.,NYSE,Mid,8378412544
RHP,Gaylord Entertainment Company,NYSE,Mid,6656900608
RIG,Transocean Inc.,NYSE,Mid,4376857600
RIO,Rio Tinto Plc,NYSE,Large,114769117184
RJF,Raymond James Financial,NYSE,Large,22985175040
RKT,Rock-Tenn Company,NYSE,Large,24662392832
RL,Ralph Lauren Corp.,NYSE,Mid,9348854784
RLI,Rli Corp.,NYSE,Mid,6216624640
RLJ,Rlj Lodging Trust,NYSE,Mid,3623660544
RMD,Resmed Inc.,NYSE,Large,28399206400
RMT,Royce Micro-Cap Trust,NYSE,Small,439864192
RNP,Cohen & Steers REIT And Preferred,NYSE,Small,980155264
RNR,Renaissancere Holdings Ltd,NYSE,Large,11926736896
ROG,Rogers Corp.,NYSE,Mid,2160817152
ROK,Rockwell Automation Inc,NYSE,Large,30047981568
ROL,Rollins,NYSE,Large,21242007552
ROP,Roper Industries,NYSE,Large,57471303680
RPM,Rpm,NYSE,Large,13793170432
RPT,Ramco-Gershenson Properties Trust,NYSE,Small,1133000704
RQI,Cohen & Steers Quality Income Realty,NYSE,Small,1624034176
RRC,Range Resources Corp.,NYSE,Mid,7041279488
RS,Reliance Steel & Aluminum Company,NYSE,Large,16655728640
RSG,Republic Services,NYSE,Large,54432198656
RVT,Royce Value Trust,NYSE,Small,1599128704
RWT,Redwood Trust,NYSE,Small,889597504
RY,Royal Bank Of Canada,NYSE,Large,137943777280
RYN,Rayonier Inc. REIT,NYSE,Mid,4864411648
S,Sprint Corporation Series 1,NYSE,Mid,7989556224
SA,Seabridge Gold,NYSE,Small,913926976
SAH,Sonic Automotive,NYSE,Small,1732139008
SAM,Boston Beer Company,NYSE,Mid,4345273856
SAN,Banco Santander,NYSE,Large,64741404672
SAP,Sap Ag,NYSE,Mega,209777033216
SAR,Saratoga Investment Corp,NYSE,Small,312119008
SB,Safe Bulkers Inc,NYSE,Small,449731904
SBH,Sally Beauty Holdings,NYSE,Small,1379494272
SBR,Sabine Royalty Trust,NYSE,Small,885109312
SBS,Cia De Saneamento Basico Do Estado,NYSE,Large,10864392192
SCCO,Southern Peru Copper Corp.,NYSE,Large,64384602112
SCHW,The Charles Schwab Corp.,NYSE,Large,113872420864
SCI,Service Corporation International,NYSE,Large,10000119808
SCL,Stepan Company,NYSE,Mid,2011053056
SCM,Stellus Capital Investment Cor,NYSE,Small,310494048
SCS,Steelcase Inc.,NYSE,Small,1454617088
SD,Sandridge Energy Inc.,NYSE,Small,546147136
SDRL,Seadrill Limited,NYSE,Mid,3192049664
SE,Spectra Energy Corp,NYSE,Large,22568355840
SEAS,Seaworld Entertainment Inc. Co,NYSE,Mid,3126222080
SEE,Sealed Air Corp.,NYSE,Mid,5088480256
SEM,Select Medical Holdings Corp.,NYSE,Mid,3384849664
SF,Stifel Financial Corp.,NYSE,Mid,7380430848
SFL,Ship Finance International,NYSE,Small,1687407488
SGU,Star Gas Partners L.P.,NYSE,Small,415325952
SHG,Shinhan Financial Group Co Ltd,NYSE,Large,16577034240
SHO,Sunstone Hotel Investors,NYSE,Mid,2194141952
SHW,Sherwin-Williams Company,NYSE,Large,78576443392
SID,National Steel Corp.,NYSE,Mid,4794939904
SIG,Signet Jewelers Limited,NYSE,Mid,4400708096
SIX,Six Flags Entertainment Corporation New,NYSE,Mid,2126016768
SJM,J.M. Smucker Company,NYSE,Large,14212151296
SJW,Sjw Corp.,NYSE,Small,1912786688
SKM,Sk Telecom Corporation,NYSE,Mid,8179712512
SKT,Tanger Factory Outlet Centers,NYSE,Mid,2907979264
SKX,Skechers U.S.A.,NYSE,Mid,9706961920
SKY,Skyline Corp.,NYSE,Mid,4049371904
SLB,Schlumberger N.V.,NYSE,Large,70094241792
SLCA,U.S. Silica Holdings Inc.,NYSE,Small,834810560
SLF,Sun Life Financial Inc.,NYSE,Large,30304526336
SLG,Sl Green Realty Corp.,NYSE,Mid,2882917376
SM,Sm Energy Company,NYSE,Mid,4304780800
SMFG,Sumitomo Mitsui Financial Group Inc,NYSE,Large,70135414784
SMG,Scotts Miracle-Gro Company,NYSE,Mid,3230708736
SMP,Standard Motor Products,NYSE,Small,879819392
SN,Sanchez Energy Corporation,NYSE,Mid,6583463936
SNA,Snap-On Inc.,NYSE,Large,15267670016
SNN,Smith & Nephew Snats,NYSE,Large,12429392896
SNV,Synovus Financial Corp.,NYSE,Mid,5290182144
SNX,Synnex Corp.,NYSE,Mid,8780682240
SNY,Sanofi-Aventis Sa,NYSE,Large,122192642048
SO,Southern Company,NYSE,Large,76392480768
SON,Sonoco Products Company,NYSE,Mid,5617309696
SOR,Source Capital,NYSE,Small,333106336
SPB,Spectrum Brands Holdings,NYSE,Mid,2441036032
SPG,Simon Property Group,NYSE,Large,51846123520
SPH,Suburban Propane Partners L.P.,NYSE,Small,1321909760
SPLP,Steel Partners Hldgs,NYSE,Small,788515200
SPR,Spirit Aerosystems Holdings,NYSE,Mid,3186073856
SQM,Sociedad Quimica Y Minera S.A.,NYSE,Large,12862961664
SR,Standard Register Company,NYSE,Mid,3129876992
SRC,Spirit Realty Capital Inc.,NYSE,Mid,6083947520
SRE,Sempra Energy,NYSE,Large,45261266944
SRI,Stoneridge,NYSE,Small,507020960
SSD,Simpson Manufacturing Company,NYSE,Mid,7896620032
SSL,Sasol Ltd,NYSE,Mid,5732118528
SSP,E.W. Scripps Company,NYSE,Small,677386304
SSTK,Shutterstock Inc.,NYSE,Small,1679920768
ST,Sensata Technologies Holding N.V.,NYSE,Mid,5530512384
STAG,STI Inc,NYSE,Mid,6894594560
STC,Stewart Information Services Corp.,NYSE,Small,1689615872
STE,Steris Corp.,NYSE,Large,21870411776
STK,Columbia Seligman Premium Technology,NYSE,Small,534032800
STM,Stmicroelectronics N.V.,NYSE,Large,40111456256
STN,Stantec Inc,NYSE,Mid,9271903232
STNG,Scorpio Tankers Inc.,NYSE,Mid,3683025920
STR,Questar Corp.,NYSE,Mid,3324335872
STT,State Street Corp,NYSE,Large,22144571392
STWD,Starwood Property Trust,NYSE,Mid,6484746752
STZ,Constellation Brands Inc,NYSE,Large,45789097984
SU,Suncor Energy Inc.,NYSE,Large,43036397568
SUI,Sun Communities,NYSE,Large,16563119104
SVM,Silvercorp Metals Inc,NYSE,Small,428843648
SWI,Solarwinds,NYSE,Small,1992639744
SWK,Stanley Black & Decker Inc,NYSE,Large,13942103040
SWN,Southwestern Energy Company,NYSE,Mid,7176011776
SWX,Southwest Gas Corp.,NYSE,Mid,4258366720
SXC,Suncoke Energy Inc,NYSE,Small,905044416
SXI,Standex International Corp.,NYSE,Small,1792555776
SXT,Sensient Technologies Corp.,NYSE,Mid,2625595136
SYK,Stryker Corp.,NYSE,Large,129752621056
SYY,Sysco Corp.,NYSE,Large,40936562688
T,AT&T Inc.,NYSE,Large,129129357312
TAC,Transalta Corp.,NYSE,Mid,2264546048
TAL,Tal International Group,NYSE,Mid,7046366208
TAP,Molson Coors Brewing Company,NYSE,Large,13584187392
TARO,Taro Pharm Inds #,NYSE,Small,1614258560
TBI,Trueblue Inc,NYSE,Small,426925280
TCI,Transcontinental Realty Investors,NYSE,Small,342462624
TD,Toronto Dominion Bank,NYSE,Large,108920807424
TDC,Teradata Corp.,NYSE,Mid,4604424192
TDG,Transdigm Group Inc.,NYSE,Large,61586423808
TDS,Telephone And Data Systems,NYSE,Mid,2174119936
TDW,Tidewater Inc.,NYSE,Mid,3581278976
TDY,Teledyne Technologies Inc.,NYSE,Large,20004188160
TEF,Telefonica Sa,NYSE,Large,23519381504
TEL,Te Connectivity Ltd,NYSE,Large,43747553280
TEO,Telecom Argentina Stet - France Telecom,NYSE,Mid,3407137280
TER,Teradyne,NYSE,Large,14382857216
TEVA,Teva Pharmaceutical Industries Limited,NYSE,Large,13883213824
TEX,Terex Corp.,NYSE,Mid,4188415488
TFX,Teleflex Inc.,NYSE,Large,11571247104
TGH,Textainer Group Holdings,NYSE,Mid,2055963392
TGI,Triumph Group,NYSE,Small,1235458688
TGS,Transportadora De Gas Sa Ord B,NYSE,Mid,3526358784
TGT,Target Corp.,NYSE,Large,66043056128
THC,Tenet Healthcare Corp.,NYSE,Mid,9001569280
THG,The Hanover Insurance Group,NYSE,Mid,4676112896
THO,Thor Industries,NYSE,Mid,6106850816
THR,Thermon Group Holdings Inc.,NYSE,Small,903414592
THS,Treehouse Foods,NYSE,Mid,2351079424
TJX,Tjx Companies,NYSE,Large,109352296448
TK,Teekay Shipping Corp.,NYSE,Small,825819584
TKC,Turkcell Iletisim Hizmetleri As,NYSE,Mid,5023426560
TKR,Timken Company,NYSE,Mid,5893158400
TLK,P.T. Telekomunikasi Indonesia Tbk.,NYSE,Large,25548142592
TM,Toyota Motor Corp Ltd Ord,NYSE,Mega,276617101312
TMHC,Taylor Morrison Home Corporatio,NYSE,Mid,5658264576
TMO,Thermo Fisher Scientific Inc,NYSE,Mega,209761370112
TMUS,T-Mobile US Inc.,NYSE,Large,194677882880
TNC,Tennant Company,NYSE,Small,1785453568
TNK,Teekay Tankers Ltd,NYSE,Mid,2127040000
TNP,Tsakos Energy Navigation Ltd,NYSE,Small,724955584
TOL,Toll Brothers Inc.,NYSE,Large,10467521536
TPC,Tutor Perini Corp.,NYSE,Small,470800928
TPH,Tri Pointe Homes Inc. Common S,NYSE,Mid,3396341760
TPL,Texas Pacific Land Trust,NYSE,Large,11149974528
TPX,Tempur-Pedic International Inc,NYSE,Mid,8749796352
TR,Tootsie Roll Industries,NYSE,Small,1327919744
TRC,Tejon Ranch Company,NYSE,Small,429484928
TREX,Trex Company,NYSE,Mid,9290302464
TRGP,Targa Resources,NYSE,Large,19227222016
TRI,Thomson Reuters Corp,NYSE,Large,68512997376
TRMR,Tremor Video Inc.,NYSE,Small,370102496
TRN,Trinity Industries,NYSE,Mid,2054974720
TRNO,Terreno Realty Corp.,NYSE,Mid,5136389120
TROX,Tronox Inc,NYSE,Mid,2206091520
TRP,Transcananda Pipelines,NYSE,Large,41496297472
TRV,The Travelers Companies Inc,NYSE,Large,48260878336
TS,Tenaris S.A.,NYSE,Large,18661199872
TSM,Taiwan Semiconductor Manufacturing,NYSE,Mega,588605685760
TSN,Tyson Foods,NYSE,Large,19785091072
TTC,Toro Company,NYSE,Mid,9576663040
TTI,Tetra Technologies,NYSE,Small,546982208
TU,Telus Corp. Non Voting Shares,NYSE,Large,26316589056
TV,Grupo Televisa S.A.,NYSE,Small,1751923200
TW,Towers Watson & Co,NYSE,Large,22624145408
TWI,Titan International,NYSE,Small,911946176
TWO,Two Harbors Investments Corp,NYSE,Small,1290591104
TX,Ternium S.A.,NYSE,Mid,7651104256
TXT,Textron Inc.,NYSE,Large,16719226880
TY,Tri Continental Corp.,NYSE,Small,1555789568
TYG,Tortoise Energy Infrastructure Corp.,NYSE,Small,335412416
TYL,Tyler Technologies,NYSE,Large,17888251904
UA,Under Armour,NYSE,Mid,3298117888
UAL,United Continental Holdings,NYSE,Large,13489616896
UAN,Cvr Partners Lp Common Units R,NYSE,Small,775702912
UBS,UBS Ag,NYSE,Large,95922085888
UDR,United Dominion Realty Trust,NYSE,Large,12811397120
UGI,Ugi Corp.,NYSE,Mid,5197595648
UGP,Ultrapar Participacoes S.A.,NYSE,Mid,6297310208
UHS,Universal Health Services,NYSE,Large,11192960000
UHT,Universal Health Realty Income Trust,NYSE,Small,552756928
UIS,Unisys Corp.,NYSE,Small,465764512
UL,Unilever Plc,NYSE,Large,123702689792
UMC,United Microelectronics Corp.,NYSE,Large,19566718976
UMH,Umh Properties,NYSE,Small,992319616
UNF,Unifirst Corp.,NYSE,Mid,3219241728
UNH,Unitedhealth Group Inc.,NYSE,Mega,470426091520
UNM,Unumprovident Corp.,NYSE,Mid,9078815744
UNP,Union Pacific Corp.,NYSE,Large,150732259328
UPS,United Parcel Service,NYSE,Large,119635968000
URI,United Rentals,NYSE,Large,42662633472
USA,Liberty All-Star Equity Fund,NYSE,Small,1794725504
USAC,USA Compression Partners Lp,NYSE,Mid,2507612672
USB,U.S. Bancorp,NYSE,Large,63729987584
USM,United States Cellular Corp.,NYSE,Mid,3769749760
USNA,Usana Health Sciences Inc.,NYSE,Small,905030848
USPH,U.S. Physical Therapy,NYSE,Small,1402933120
UTF,Cohen & Steers Infrastructure Fund,NYSE,Mid,2148228608
UTI,Universal Technical Institute Inc,NYSE,Small,778039360
UTL,Unitil Corp.,NYSE,Small,792675392
UVV,Universal Corp.,NYSE,Small,1450711936
V,Visa Inc.,NYSE,Mega,567169777664
VAC,Marriot Vacations Worldwide Cor,NYSE,Mid,2993034240
VAL,Valspar Corp.,NYSE,Mid,4485241344
VALE,Vale S.A.,NYSE,Large,59750879232
VC,Visteon Corp.,NYSE,Mid,3270797312
WAB,Wabtec Corp.,NYSE,Large,23856814080
WAL,Western Alliance Bancorporation,NYSE,Mid,6590882304
WAT,Waters Corp.,NYSE,Large,18988046336
WBS,Webster Financial Corp.,NYSE,Mid,8046329344
X,United States Steel Corp.,NYSE,Large,10287639552
XEL,Xcel Energy Inc.,NYSE,Large,33495232512
XOM,Exxon Mobil Corp.,NYSE,Mega,411827175424
XPO,Express-1 Expedited Solutions,NYSE,Mid,9919170560
XRX,Xerox Corp.,NYSE,Mid,2264617984
XYL,Xylem Inc. Common Stock New Whe,NYSE,Large,27642003456
YELP,Yelp Inc.,NYSE,Mid,2983360000
YPF,Ypf Sociedad Anonima,NYSE,Large,10522958848
YUM,Yum! Brands,NYSE,Large,36379774976
ZTS,Zoetis Inc. Class A Common Stoc,NYSE,Large,86471827456
AAON,Aaon,NASDAQ,Mid,5836633088
AAPL,Apple Inc.,NASDAQ,Mega,2874289946624
ABCB,Ameris Bancorp,NASDAQ,Mid,3347358464
ABMD,Abiomed,NASDAQ,Large,17180649472
ACAD,Acadia Pharmaceuticals Inc.,NASDAQ,Mid,4253903872
ACGL,Arch Capital Group Ltd,NASDAQ,Large,30608500736
ACHC,Acadia Healthcare Company Inc.,NASDAQ,Mid,7531320832
ACIW,Aci Worldwide,NASDAQ,Mid,3226898688
ACLS,Axcelis Technologies,NASDAQ,Mid,4218205440
ACNB,Acnb Corp.,NASDAQ,Small,329478208
ACTG,Acacia Research Corp.,NASDAQ,Small,397048064
ADBE,Adobe Systems Incorporated,NASDAQ,Mega,282179076096
ADI,Analog Devices,NASDAQ,Large,94584274944
ADP,Automatic Data Processing,NASDAQ,Large,100338114560
ADSK,Autodesk,NASDAQ,Large,54249914368
ADTN,Adtran,NASDAQ,Small,515478464
ADUS,Addus Homecare Corp.,NASDAQ,Small,1421623808
AEHR,Aehr Test Systems,NASDAQ,Small,428987616
AEIS,Advanced Energy Industries,NASDAQ,Mid,3903848448
AGIO,Agios Pharmaceuticals Inc.,NASDAQ,Small,1245537664
AGNC,American Capital Agency,NASDAQ,Mid,6640979456
AGYS,Agilysys,NASDAQ,Mid,2242138624
AKAM,Akamai Technologies,NASDAQ,Large,18731827200
ALGN,Align Technology,NASDAQ,Large,21577830400
ALGT,Allegiant Travel Company,NASDAQ,Small,1433085440
ALKS,Alkermes,NASDAQ,Mid,4498277376
ALNY,Alnylam Pharmaceuticals,NASDAQ,Large,22061670400
ALTI,Altair Nanotechnologies Inc.,NASDAQ,Small,742784768
ALTR,Altera Corp.,NASDAQ,Mid,6951052800
AMAT,Applied Materials,NASDAQ,Large,138293690368
AMBA,Ambarella Inc.,NASDAQ,Mid,2082436736
AMBC,Ambac Financial Group Inc.,NASDAQ,Small,729891136
AMBI,Ambit Biosciences Corporation,NASDAQ,Small,379694816
AMCX,Amc Networks Inc.,NASDAQ,Small,778806272
AMED,Amedisys Inc,NASDAQ,Mid,3085478656
AMGN,Amgen Inc.,NASDAQ,Large,172263096320
AMKR,Amkor Technology,NASDAQ,Mid,7783472640
AMNB,American National Bankshares,NASDAQ,Small,471591264
AMRN,Amarin Corporation Plc,NASDAQ,Small,487500640
AMSC,American Superconductor Corp.,NASDAQ,Small,345783360
AMSF,Amerisafe,NASDAQ,Small,933979968
AMSWA,American Software,NASDAQ,Small,381434784
AMWD,American Woodmark Corp.,NASDAQ,Small,1482147072
AMZN,Amazon.Com,NASDAQ,Mega,1624534810624
ANDE,The Andersons,NASDAQ,Small,1769970560
ANGI,Angie's List Inc.,NASDAQ,Small,1219707776
ANIK,Anika Therapeutics Inc.,NASDAQ,Small,340108096
ANIP,Ani Pharmaceuticals Inc.,NASDAQ,Small,1135520256
ANSS,Ansys,NASDAQ,Large,28752207872
AOSL,Alpha And Omega Semiconductor,NASDAQ,Small,711838912
APOG,Apogee Enterprises,NASDAQ,Small,1178460928
ARCC,Ares Capital Corp.,NASDAQ,Large,11439818752
ARLP,Alliance Resource Partners L.P.,NASDAQ,Mid,2711385600
AROW,Arrow Financial Corp.,NASDAQ,Small,429452448
ARRY,Array Biopharma Inc.,NASDAQ,Mid,2070146944
ARTNA,Artesian Resources Corp.,NASDAQ,Small,383533568
ARWR,Arrowhead Research Corp.,NASDAQ,Mid,3981391872
ASML,Asml Holding N.V.,NASDAQ,Mega,349273325568
ASTE,Astec Industries,NASDAQ,Small,810656064
ATAI,Ata Inc.,NASDAQ,Small,302968256
ATEC,Alphatec Holdings,NASDAQ,Mid,2257144320
ATLC,Atlanticus Holdings Corp.,NASDAQ,Small,510343712
ATNI,Atlantic Tele-Network,NASDAQ,Small,578768896
ATRC,Atricure,NASDAQ,Small,1611433344
ATRI,Atrion Corp.,NASDAQ,Small,598345600
ATRO,Astronics Corp.,NASDAQ,Small,593290176
ATSG,Air Transport Services Group Inc,NASDAQ,Small,983662592
AUDC,Audiocodes Ltd,NASDAQ,Small,360300576
AVAV,Aerovironment,NASDAQ,Mid,3405894656
AVGO,Avago Technologies,NASDAQ,Mega,560406855680
AVNW,Aviat Networks,NASDAQ,Small,365731648
AXGN,Lectec Corp,NASDAQ,Small,419244640
AZPN,Aspen Technology,NASDAQ,Large,12391444480
BANC,First Pactrust Bancorp,NASDAQ,Mid,2198341120
BANF,Bancfirst Corp.,NASDAQ,Mid,2858913536
BANR,Banner Corp.,NASDAQ,Small,1568004480
BBSI,Barrett Business Services,NASDAQ,Small,745894976
BCPC,Balchem Corp.,NASDAQ,Mid,4541158912
BCRX,Biocryst Pharmaceuticals,NASDAQ,Small,1082415488
BDSI,Biodelivery Sciences International,NASDAQ,Small,577050112
BECN,Beacon Roofing Supply,NASDAQ,Mid,5312856064
BELFA,Bel Fuse Inc.,NASDAQ,Small,872832768
BELFB,Bel Fuse Inc.,NASDAQ,Small,881986688
BIDU,Baidu,NASDAQ,Large,36885979136
BIIB,Biogen Idec Inc,NASDAQ,Large,35903549440
BJRI,Bj's Restaurants,NASDAQ,Small,824332544
BLDP,Ballard Power Systems,NASDAQ,Small,1000712000
BLDR,Builders Firstsource,NASDAQ,Large,21902727168
BLKB,Blackbaud,NASDAQ,Mid,4375523840
BLMN,Bloomin' Brands Inc.,NASDAQ,Mid,2361340928
BMRC,Bank Of Marin Bancorp,NASDAQ,Small,307413568
BMRN,Biomarin Pharmaceutical Inc.,NASDAQ,Large,16673393664
BOKF,Bok Financial Corp.,NASDAQ,Mid,5363829248
BOOM,Dynamic Materials Corp.,NASDAQ,Small,342073280
BPOP,Popular,NASDAQ,Mid,6039617024
BRKL,Brookline Bancorp,NASDAQ,Small,936776576
BRKR,Bruker Corp.,NASDAQ,Mid,9987738624
BUR,Burcon Nutrascience,NASDAQ,Mid,3307465984
BUSE,First Busey Corp.,NASDAQ,Small,1271166720
BV,Bazaarvoice Inc.,NASDAQ,Small,813380032
CAC,Camden National Corp.,NASDAQ,Small,508353408
CACC,Credit Acceptance Corp.,NASDAQ,Mid,7328899584
CAKE,The Cheesecake Factory Inc.,NASDAQ,Small,1799398656
CALM,Cal-Maine Foods,NASDAQ,Mid,2731759616
CAMT,Camtek Ltd,NASDAQ,Mid,3549976320
CAR,Avis Budget Group,NASDAQ,Mid,5942466560
CART,Carolina Trust Bank,NASDAQ,Mid,6977378304
CASH,Meta Financial Group,NASDAQ,Small,1281525632
CASS,Cass Information Systems Inc,NASDAQ,Small,572820544
CASY,Caseys General Stores,NASDAQ,Large,10198213632
CATY,Cathay General Bancorp,NASDAQ,Mid,2879868416
CBOE,CBOE Holdings,NASDAQ,Large,19520471040
CBRL,Cracker Barrel Old Country Store,NASDAQ,Small,1790448512
CBSH,Commerce Bancshares,NASDAQ,Mid,6685839360
CCBG,Capital City Bank Group,NASDAQ,Small,476125504
CCNE,Cnb Financial Corp.,NASDAQ,Small,432868928
CCOI,Cogent Communications Group,NASDAQ,Mid,3713885696
CCRN,Cross Country Healthcare,NASDAQ,Small,737815296
CDNS,Cadence Design Systems,NASDAQ,Large,78604165120
CDW,Cdw Corporation,NASDAQ,Large,30571012096
CECO,Career Education Corp.,NASDAQ,Small,672229376
CENT,Central Garden & Pet Company,NASDAQ,Mid,2293496320
CENTA,Central Garden & Pet Company,NASDAQ,Mid,2301094656
CENX,Century Aluminum Company,NASDAQ,Small,1035856704
CERE,Ceres Inc.,NASDAQ,Mid,7588226048
CERS,Cerus Corp.,NASDAQ,Small,350616160
CEVA,Ceva,NASDAQ,Small,454964832
CFFN,Capitol Federal Financial,NASDAQ,Small,837594560
CG,The Carlyle Group L.P.,NASDAQ,Large,14500390912
CGNX,Cognex Corp.,NASDAQ,Mid,6279739904
CHCO,City Holding Company,NASDAQ,Small,1489409280
CHDN,Churchill Downs Inc.,NASDAQ,Mid,9039770624
CHEF,The Chefs' Warehouse Inc.,NASDAQ,Small,1282574208
CHI,Calamos Convertible Opportunities,NASDAQ,Small,802253120
CHKP,Check Point Software Technologies Ltd,NASDAQ,Large,18911496192
CHRW,C.H. Robinson Worldwide,NASDAQ,Mid,8474695168
CHTR,Charter Communications,NASDAQ,Large,56187412480
CHUY,Chuy's Holding Inc,NASDAQ,Small,595975040
CHW,Calamos Global Dynamic,NASDAQ,Small,382477504
CHY,Calamos Convertible And High,NASDAQ,Small,888291200
CIEN,Ciena Corp.,NASDAQ,Mid,7777371136
CINF,Cincinnati Financial Corp.,NASDAQ,Large,17236342784
CLDX,Celldex Therapeutics Inc,NASDAQ,Small,1944474496
CLFD,Clearfield,NASDAQ,Small,385832288
CLMT,Calumet Specialty Products,NASDAQ,Small,1239494656
CLNE,Clean Energy Fuels,NASDAQ,Small,667953856
CMCO,Columbus Mckinnon Corp.,NASDAQ,Small,1117049856
CMCSA,Comcast Corp.,NASDAQ,Large,187830370304
CME,Cme Group Inc.,NASDAQ,Large,74284556288
CNMD,Conmed Corp.,NASDAQ,Mid,2587490048
CNOB,Connectone Bancorp Inc.,NASDAQ,Small,852635776
CNSL,Consolidated Communications Holdings,NASDAQ,Small,506597120
COCO,Corinthian Colleges,NASDAQ,Small,1133783808
COHR,Coherent,NASDAQ,Mid,7279084544
COHU,Cohu,NASDAQ,Small,1511137152
COKE,Coca-Cola Bottling Co. Consolidated,NASDAQ,Mid,8236905984
COLB,Columbia Banking System,NASDAQ,Mid,4007768832
COLM,Columbia Sportswear Company,NASDAQ,Mid,4879046656
CORT,Corcept Therapeutics Inc.,NASDAQ,Mid,2249227264
COST,Costco Wholesale Corp.,NASDAQ,Mega,312024268800
CPLP,Capital Product Partners L.P.,NASDAQ,Small,989603008
CPRT,Copart,NASDAQ,Large,46748848128
CPRX,Catalyst Pharmaceutical Partners,NASDAQ,Small,1711158656
CRAI,Cra Internationalinc.,NASDAQ,Small,747853696
CRESY,Cresud S.A.C.I.F. Y A.,NASDAQ,Small,544816256
CRMT,America's Car-Mart,NASDAQ,Small,394118592
CROX,Crocs,NASDAQ,Mid,6106930176
CRUS,Cirrus Logic,NASDAQ,Mid,4135300864
CRVL,Corvel,NASDAQ,Mid,4103705344
CSCO,Cisco Systems,NASDAQ,Mega,204017172480
CSGP,Costar Group,NASDAQ,Large,34182027264
CSGS,Csg Systems International,NASDAQ,Small,1490972800
CSIQ,Canadian Solar Inc.,NASDAQ,Small,1472160256
CSQ,Calamos Strategic Total Return Fund,NASDAQ,Mid,2494732544
CSWC,Capital Southwest Corp.,NASDAQ,Small,1034984896
CTAS,Cintas Corp.,NASDAQ,Large,62182998016
CTBI,Community Trust Bancorp,NASDAQ,Small,738531776
CTSH,Cognizant Technology Solutions,NASDAQ,Large,38859505664
CUBI,Customers Bancorp,NASDAQ,Small,1607887616
CVBF,Cvb Financial Corp.,NASDAQ,Mid,2276897280
CVCO,Cavco Industries,NASDAQ,Mid,2823212800
CVGW,Calavo Growers,NASDAQ,Small,427509664
CVLT,Commvault Systems,NASDAQ,Mid,4071388672
CWCO,Consolidated Water Co. Ltd,NASDAQ,Small,494786464
CWST,Casella Waste Systems,NASDAQ,Mid,4971146752
CYTK,Cytokinetics Inc.,NASDAQ,Mid,8044317184
CZR,Caesars Entertainment Corporati,NASDAQ,Mid,9364015104
DAKT,Daktronics,NASDAQ,Small,360205568
DCOM,Dime Community Bancshares,NASDAQ,Small,837412096
DECK,Deckers Outdoor Corp.,NASDAQ,Large,19819995136
DELL,Dell Inc.,NASDAQ,Large,60137361408
DENN,Denny's Corp.,NASDAQ,Small,556334976
DGICA,Donegal Group,NASDAQ,Small,491538240
DGICB,Donegal Group,NASDAQ,Small,507508768
DGII,Digi International Inc.,NASDAQ,Small,949486656
DHIL,Diamond Hill Investment Group,NASDAQ,Small,465510944
DIOD,Diodes Inc.,NASDAQ,Mid,3073265664
DISH,Dish Network Corp.,NASDAQ,Mid,3083430400
DJCO,Daily Journal Corp. [S.C.],NASDAQ,Small,446846240
DLTR,Dollar Tree,NASDAQ,Large,29448667136
DMLP,Dorchester Minerals L.P.,NASDAQ,Small,1233016704
DMRC,Digimarc Corp.,NASDAQ,Small,727794944
DORM,Dorman Products,NASDAQ,Mid,2569901312
DSGX,The Descartes Systems Group Inc.,NASDAQ,Mid,7512858624
DVAX,Dynavax Technologies Corp.,NASDAQ,Small,1646138752
DXCM,Dexcom,NASDAQ,Large,47066128384
DXPE,Dxp Enterprises,NASDAQ,Small,528806496
EA,Electronic Arts Inc.,NASDAQ,Large,36728115200
EBAY,Ebay Inc.,NASDAQ,Large,21426915328
EBTC,Enterprise Bancorp Inc,NASDAQ,Small,349771936
ECPG,Encore Capital Group Inc,NASDAQ,Small,1193841152
EEFT,Euronet Worldwide,NASDAQ,Mid,4768491520
EFSC,Enterprise Financial Services Corp.,NASDAQ,Small,1513851264
EGBN,Eagle Bancorp,NASDAQ,Small,699660480
EGHT,8X8 Inc,NASDAQ,Small,354886432
EGLE,Eagle Bulk Shipping Inc.,NASDAQ,Small,552472512
ENPH,Enphase Energy Inc.,NASDAQ,Large,14370627584
ENSG,The Ensign Group,NASDAQ,Mid,6469139968
ENTG,Entegris,NASDAQ,Large,17536319488
EQIX,Equinix,NASDAQ,Large,78629224448
ERIC,Lm Ericsson Telephone Company,NASDAQ,Large,18842624000
ERIE,Erie Indemnity Company,NASDAQ,Large,17801050112
ERII,Energy Recovery,NASDAQ,Small,874897088
ESGR,Enstar Group Limited,NASDAQ,Mid,4218576640
ESLT,Elbit Systems Ltd,NASDAQ,Mid,9201491968
ESPR,Esperion Therapeutics Inc.,NASDAQ,Small,369476032
EWBC,East West Bancorp,NASDAQ,Mid,9708072960
EXAS,Exact Sciences Corp.,NASDAQ,Large,11789612032
EXEL,Exelixis,NASDAQ,Mid,6752800768
EXLS,Exlservice Holdings,NASDAQ,Mid,5221462528
EXPD,Expeditors International Of Washington,NASDAQ,Large,18335731712
EXPE,Expedia,NASDAQ,Large,20688351232
EXPO,Exponent,NASDAQ,Mid,4484638208
EXTR,Extreme Networks,NASDAQ,Small,1682401920
EZPW,Ezcorp,NASDAQ,Small,521453952
FANG,Diamondback Energy Inc.,NASDAQ,Large,27459876864
FARO,Faro Technologies,NASDAQ,Small,434622112
FAST,Fastenal Company,NASDAQ,Large,39592595456
FBMS,The First Bancshares,NASDAQ,Small,777898624
FBNC,First Bancorp,NASDAQ,Small,1405550848
FCBC,First Community Bancshares,NASDAQ,Small,629451648
FCEL,Fuelcell Energy,NASDAQ,Small,582827136
FCFS,First Cash Financial Services,NASDAQ,Mid,5441591808
FCNCA,First Citizens Bancshares,NASDAQ,Large,21343258624
FDUS,Fidus Investment Corporation,NASDAQ,Small,547729856
FELE,Franklin Electric Co.,NASDAQ,Mid,4421378560
FFBC,First Financial Bancorp.,NASDAQ,Mid,2087398016
FFIC,Flushing Financial Corp.,NASDAQ,Small,447423008
FFIN,First Financial Bankshares,NASDAQ,Mid,4425653760
FFIV,F5 Networks,NASDAQ,Large,10884248576
FIBK,First Interstate Bancsystem,NASDAQ,Mid,2712886272
FISI,Financial Institutions,NASDAQ,Small,309988864
FITB,Fifth Third Bancorp,NASDAQ,Large,22974345216
FIVE,Five Below Inc.,NASDAQ,Mid,9977202688
FIZZ,National Beverage,NASDAQ,Mid,4365175296
FLEX,Flextronics International Ltd,NASDAQ,Large,10668092416
FLWS,1-800 Flowers.Com,NASDAQ,Small,642492160
FMNB,Farmers Natl Banc Corp Oh,NASDAQ,Small,508915712
FOLD,Amicus Therapeutics,NASDAQ,Mid,3702231040
FORM,Formfactor,NASDAQ,Mid,3061914880
FORR,Forrester Research,NASDAQ,Small,492133632
FORTY,Formula Systems Ltd,NASDAQ,Small,1022656512
FOX,21St Century Fox Class B,NASDAQ,Large,14969922560
FOXA,21St Century Fox Class A,NASDAQ,Large,14966631424
FOXF,Fox Factory Holding Corp.,NASDAQ,Mid,2671903744
FRME,First Merchants Corp.,NASDAQ,Small,1988330368
FSLR,First Solar,NASDAQ,Large,15914413056
FTNT,Fortinet,NASDAQ,Large,50397933568
FULT,Fulton Financial Corp.,NASDAQ,Mid,2510250240
FWRD,Forward Air Corp.,NASDAQ,Small,1338749952
GABC,German American Bancorp,NASDAQ,Small,949373056
GAIN,Gladstone Investment Corp.,NASDAQ,Small,475217728
GBCI,Glacier Bancorp,NASDAQ,Mid,4158337536
GBDC,Golub Capital Bdc,NASDAQ,Mid,2593760000
GBLI,Global Indemnity Plc,NASDAQ,Small,399911392
GCBC,Greene County Bancorp,NASDAQ,Small,442044672
GERN,Geron Corp.,NASDAQ,Small,1031821568
GGAL,Grupo Financiero Galicia S.A.,NASDAQ,Mid,4899430912
GIII,G-III Apparel Group,NASDAQ,Small,1385092096
GILD,Gilead Sciences,NASDAQ,Large,97396719616
GILT,Gilat Satellite Networks Ltd,NASDAQ,Small,353319392
GLAD,Gladstone Capital Corp.,NASDAQ,Small,455320640
GLDD,Great Lakes Dredge & Dock Corp.,NASDAQ,Small,519244448
GLNG,Golar Lng Limited,NASDAQ,Mid,2323371776
GLRE,Greenlight Capital Re,NASDAQ,Small,399761408
GNTX,Gentex Corp.,NASDAQ,Mid,7892114944
GOGO,Gogo Inc.,NASDAQ,Small,1160213248
GOLD,Randgold Resources Limited,NASDAQ,Large,27975407616
GOOD,Gladstone Commercial Corp.,NASDAQ,Small,521089152
GOODO,Gladstone Commercial Corp.,NASDAQ,Small,468307200
GOOG,Google Inc.,NASDAQ,Mega,1761143422976
GPOR,Gulfport Energy Corp.,NASDAQ,Mid,2303162112
GPRE,Green Plains Renewable Energy,NASDAQ,Small,1323401728
GRFS,Grifols S.A.,NASDAQ,Mid,6627372032
GRIF,Griffin Land & Nurseries,NASDAQ,Small,456952096
GRMN,Garmin Ltd,NASDAQ,Large,22961635328
GRPN,Groupon Inc,NASDAQ,Small,539611392
GRVY,Gravity Co.,NASDAQ,Small,446814304
GSBC,Great Southern Bancorp,NASDAQ,Small,605093504
GSM,Globe Specialty Metals Inc.,NASDAQ,Small,954039104
GT,Goodyear Tire & Rubber Company,NASDAQ,Mid,3949823744
GTLS,Chart Industries,NASDAQ,Mid,5151019520
HA,Hawaiian Holdings,NASDAQ,Small,732721920
HAFC,Hanmi Financial Corp.,NASDAQ,Small,491061888
HAIN,The Hain Celestial Group,NASDAQ,Small,965717440
HALO,Halozyme Therapeutics,NASDAQ,Mid,4505862656
HAS,Hasbro,NASDAQ,Mid,6875062272
HAYN,Haynes International,NASDAQ,Small,704343296
HBAN,Huntington Bancshares Inc.,NASDAQ,Large,17980893184
HBCP,Home Bancorp,NASDAQ,Small,313237152
HBNC,Horizon Bancorp [In],NASDAQ,Small,562354048
HCKT,The Hackett Group,NASDAQ,Small,627824384
HCSG,Healthcare Services Group,NASDAQ,Small,696396096
HDSN,Hudson Technologies,NASDAQ,Small,580615168
HEES,H&E Equipment Services,NASDAQ,Small,1982692352
HELE,Helen Of Troy Limited,NASDAQ,Mid,2734872832
HFWA,Heritage Financial Corp.,NASDAQ,Small,669151872
HIBB,Hibbett Sports,NASDAQ,Small,793537088
HIFS,Hingham Institution For Savings,NASDAQ,Small,389361728
HIMX,Himax Technologies,NASDAQ,Small,994062592
HLIT,Harmonic Inc.,NASDAQ,Small,1406773632
HOLI,Hollysys Automation Technologies,NASDAQ,Small,1559536000
HOLX,Hologic,NASDAQ,Large,17489061888
HOMB,Home Bancshares,NASDAQ,Mid,4625021952
HOVNP,Hovnanian Enterprises Inc,NASDAQ,Mid,2724797184
HRZN,Horizon Technology Finance Corp.,NASDAQ,Small,434883040
HSIC,Henry Schein,NASDAQ,Mid,9798625280
HSII,Heidrick & Struggles International,NASDAQ,Small,603464768
HSTM,Healthstream,NASDAQ,Small,813463168
HTBI,Hometrust Bancshares Inc.,NASDAQ,Small,463018464
HTBK,Heritage Commerce Corp,NASDAQ,Small,525251008
HTHT,China Lodging Group Limited,NASDAQ,Large,10140200960
HTLD,Heartland Express,NASDAQ,Small,1015493184
HTLF,Heartland Financial USA,NASDAQ,Small,1464411904
HUBG,Hub Group,NASDAQ,Mid,2842815232
HURN,Huron Consulting Group Inc.,NASDAQ,Small,1967273344
HWKN,Hawkins,NASDAQ,Small,1275267968
IART,Integra Lifesciences Holdings Corp.,NASDAQ,Mid,3196608512
IBCP,Independent Bank Corp.,NASDAQ,Small,518389696
IBKR,Interactive Brokers Group,NASDAQ,Large,37474488320
IBOC,International Bancshares Corp.,NASDAQ,Mid,3204824832
IBTX,Independent Bank Group Inc,NASDAQ,Small,1905159808
ICFI,Icf International,NASDAQ,Mid,2639467264
ICLR,Icon Plc,NASDAQ,Large,21443713024
ICUI,Icu Medical,NASDAQ,Mid,2187696640
IDCC,Interdigital,NASDAQ,Mid,2690096896
IDXX,Idexx Laboratories,NASDAQ,Large,43357134848
IEP,Icahn Enterprises L.P.,NASDAQ,Mid,7653259776
IESC,Integrated Electrical Services,NASDAQ,Small,1686353024
IIIN,Insteel Industries,NASDAQ,Small,676022848
ILMN,Illumina,NASDAQ,Large,23051409408
IMGN,Immunogen,NASDAQ,Mid,8215800832
IMKTA,Ingles Markets Inc.,NASDAQ,Small,1572736384
IMOS,Chipmos Technologies [Bermuda] Ltd,NASDAQ,Small,990194496
INCY,Incyte Corp.,NASDAQ,Large,13260528640
INDB,Independent Bank,NASDAQ,Mid,2301219072
INFA,Informatica Corp.,NASDAQ,Mid,8786212864
INFN,Infinera Corp.,NASDAQ,Small,1155043200
INOD,Innodata Isogen Inc,NASDAQ,Small,306043264
INSM,Insmed,NASDAQ,Mid,4071544320
INTC,Intel Corp.,NASDAQ,Large,182353641472
INTU,Intuit Inc.,NASDAQ,Large,175636037632
IOSP,Innospec Inc.,NASDAQ,Mid,2905568768
IPAR,Inter Parfums,NASDAQ,Mid,4493622272
IPGP,Ipg Photonics Corp.,NASDAQ,Mid,4605058560
IRBT,Irobot Corp.,NASDAQ,Small,367407936
IRDM,Iridium Communications Inc,NASDAQ,Mid,4463590400
IRWD,Ironwood Pharmaceuticals,NASDAQ,Mid,2274799360
ISRG,Intuitive Surgical,NASDAQ,Large,134412288000
ITIC,Investors Title Company,NASDAQ,Small,321191584
ITRI,Itron,NASDAQ,Mid,3313240832
ITRN,Ituran Location And Control Ltd,NASDAQ,Small,511066592
JACK,Jack In The Box Inc.,NASDAQ,Small,1535427968
JAKK,Jakks Pacific,NASDAQ,Small,317510432
JAZZ,Jazz Pharmaceuticals,NASDAQ,Mid,7788398080
JBHT,J.B. Hunt Transport Services,NASDAQ,Large,20522717184
JBLU,Jetblue Airways Corp.,NASDAQ,Small,1796427648
JBSS,John B. Sanfilippo & Son,NASDAQ,Small,1211431296
JJSF,J & J Snack Foods,NASDAQ,Mid,3088293888
JKHY,Jack Henry & Associates,NASDAQ,Large,12077821952
JOUT,Johnson Outdoors Inc.,NASDAQ,Small,470750112
JSM,Slm Corp.,NASDAQ,Mid,5783594496
KALU,Kaiser Aluminum Corp.,NASDAQ,Small,1042944320
KCLI,Kansas City Life Insurance Company,NASDAQ,Small,353444480
KELYA,Kelly Services,NASDAQ,Small,729056640
KELYB,Kelly Services,NASDAQ,Small,726404672
KFRC,Kforce,NASDAQ,Small,1344797440
KLAC,Kla-Tencor Corp.,NASDAQ,Large,80727261184
KLIC,Kulicke And Soffa Industries,NASDAQ,Mid,2608781056
KMDA,Kamada Ltd.,NASDAQ,Small,329913952
KRNY,Kearny Financial,NASDAQ,Small,463359552
KTOS,Kratos Defense & Security Solutions,NASDAQ,Mid,2203567616
LAMR,Lamar Advertising Company,NASDAQ,Large,10770989056
LANC,Lancaster Colony Corp.,NASDAQ,Mid,5792603648
LAND,Gladstone Land Corporation,NASDAQ,Small,508929984
LBAI,Lakeland Bancorp,NASDAQ,Small,836289664
LBTYA,Liberty Global,NASDAQ,Mid,8133746688
LBTYB,Liberty Global,NASDAQ,Mid,8056087552
LBTYK,Liberty Global,NASDAQ,Mid,8113786880
LECO,Lincoln Electric Holdings,NASDAQ,Large,12917980160
LFUS,Littelfuse,NASDAQ,Mid,5983793664
LGND,Ligand Pharmaceuticals Inc.,NASDAQ,Small,1275268992
LKFN,Lakeland Financial Corp.,NASDAQ,Small,1644851200
LKQ,Lkq Corp.,NASDAQ,Large,12569078784
LMAT,Lemaitre Vascular,NASDAQ,Small,1288594048
LMNR,Limoneira Co,NASDAQ,Small,331451328
LOGI,Logitech International S.A.,NASDAQ,Large,13126737920
LOPE,Grand Canyon Education,NASDAQ,Mid,3978041600
LPLA,Lpl Investment Holdings Inc.,NASDAQ,Large,18186754048
LQDT,Liquidity Services,NASDAQ,Small,541620608
LRCX,Lam Research Corp.,NASDAQ,Large,108877758464
LSCC,Lattice Semiconductor Corp.,NASDAQ,Mid,8498383872
LSTR,Landstar System,NASDAQ,Mid,6800680448
LULU,Lululemon Athletica Inc.,NASDAQ,Large,57779073024
LXRX,Lexicon Pharmaceuticals,NASDAQ,Small,463647488
LYTS,Lsi Industries Inc.,NASDAQ,Small,395552192
MAG,Magnetek,NASDAQ,Small,960332800
MANH,Manhattan Associates,NASDAQ,Large,15124919296
MASI,Masimo Corp.,NASDAQ,Mid,6977164800
MAT,Mattel,NASDAQ,Mid,6402348032
MATW,Matthews International Corp.,NASDAQ,Small,1017108352
MBWM,Mercantile Bank Corp.,NASDAQ,Small,635271936
MCBC,Macatawa Bank Corp.,NASDAQ,Small,359078720
MCHP,Microchip Technology Inc.,NASDAQ,Large,46005055488
MCRI,Monarch Casino & Resort,NASDAQ,Small,1304979712
MDLZ,Mondelez International Inc. Cl A,NASDAQ,Large,103149412352
MDRX,Allscripts Healthcare Solutions,NASDAQ,Small,1006830912
MDXG,Mimedx Group Inc,NASDAQ,Small,1151255040
MELI,Mercadolibre,NASDAQ,Large,87968219136
MEOH,Methanex Corp.,NASDAQ,Mid,3096017152
MERC,Mercer International Inc.,NASDAQ,Small,552821952
MGEE,Mge Energy Inc.,NASDAQ,Mid,2360566016
MGIC,Magic Software Enterprises Ltd,NASDAQ,Small,499083072
MGPI,Mgp Ingredients,NASDAQ,Small,1790789504
MGRC,Mcgrath Rentcorp,NASDAQ,Mid,3122775552
MIDD,The Middleby Corp.,NASDAQ,Mid,7682946560
MITK,Mitek Systems Inc,NASDAQ,Small,584166848
MKSI,Mks Instruments,NASDAQ,Mid,7175059968
MKTX,Marketaxess Holdings,NASDAQ,Mid,8185671168
MLAB,Mesa Laboratories,NASDAQ,Small,499004640
MLNK,Moduslink Global Solutions Inc,NASDAQ,Small,1778296064
MMSI,Merit Medical Systems,NASDAQ,Mid,4538611712
MMYT,Makemytrip Limited,NASDAQ,Mid,6128907776
MNKD,Mannkind Corp.,NASDAQ,Small,909815680
MNRO,Monro Muffler Brake,NASDAQ,Small,953876992
MNST,Monster Beverage Corp,NASDAQ,Large,58207416320
MOFG,Midwestone Financial Group,NASDAQ,Small,389846400
MORN,Morningstar,NASDAQ,Large,11907692544
MPB,Mid Penn Bancorp,NASDAQ,Small,349539328
MPWR,Monolithic Power Systems,NASDAQ,Large,29007841280
MRCY,Mercury Computer Systems,NASDAQ,Small,1769717760
MRTN,Marten Transport,NASDAQ,Small,1533548160
MRTX,Mirati Therapeutics Inc.,NASDAQ,Mid,4117669888
MRVL,Marvell Technology Group,NASDAQ,Large,56953253888
MSEX,Middlesex Water Company,NASDAQ,Small,1015872192
MSFT,Microsoft Corp.,NASDAQ,Mega,2993501241344
MSTR,Microstrategy Inc.,NASDAQ,Mid,8499636224
MTSI,M/A-Com Technology Solutions Ho,NASDAQ,Mid,6152718848
MU,Micron Technology,NASDAQ,Large,94489182208
MVIS,Microvision,NASDAQ,Small,454066560
MYGN,Myriad Genetics,NASDAQ,Small,1920075904
MYRG,Myr Group,NASDAQ,Mid,2443680768
NATL,National Interstate Corp.,NASDAQ,Small,1558141952
NATR,Nature's Sunshine Products,NASDAQ,Small,336673728
NBIX,Neurocrine Biosciences,NASDAQ,Large,13881028608
NBN,Northeast Bancorp,NASDAQ,Small,418921408
NBTB,Nbt Bancorp Inc.,NASDAQ,Small,1635362688
NCLH,Norwegian Cruise Line Holdings,NASDAQ,Mid,7505262592
NCMI,National Cinemedia,NASDAQ,Small,394882784
NDAQ,The Nasdaq Omx Group,NASDAQ,Large,32713916416
NDSN,Nordson Corp.,NASDAQ,Large,14577874944
NEO,Neogenomics Inc,NASDAQ,Small,1906891392
NEOG,Neogen Corp.,NASDAQ,Mid,3312755968
NFBK,Northfield Bancorp,NASDAQ,Small,522722304
NFLX,Netflix,NASDAQ,Mega,244055015424
NICE,Nice-Systems Limited,NASDAQ,Large,13215471616
NLST,Netlist,NASDAQ,Small,452561760
NSIT,Insight Enterprises,NASDAQ,Mid,6028337152
NSSC,Napco Security Technologies,NASDAQ,Small,1296881408
NTAP,Netapp,NASDAQ,Large,17930878976
NTCT,Netscout Systems,NASDAQ,Small,1536355456
NTES,Netease Inc,NASDAQ,Large,65294938112
NTGR,Netgear,NASDAQ,Small,424289792
NTRS,Northern Trust Corp.,NASDAQ,Large,16200852480
NVAX,Novavax,NASDAQ,Small,482299296
NVDA,Nvidia Corp.,NASDAQ,Mega,1540045144064
NVEC,Nve Corp.,NASDAQ,Small,382031936
NVMI,Nova Measuring Instruments Ltd,NASDAQ,Mid,4152313344
NWBI,Northwest Bancshares,NASDAQ,Small,1531675520
NWBO,Northwest Bioth New,NASDAQ,Small,627694400
NWLI,National Western Life Insurance,NASDAQ,Small,1759179264
NWPX,Northwest Pipe Company,NASDAQ,Small,305242848
NWS,News Corp Class B,NASDAQ,Large,14169979904
NWSA,News Corp Class A,NASDAQ,Large,14174488576
NXPI,Nxp Semiconductors N.V.,NASDAQ,Large,54502703104
NXST,Nexstar Broadcasting Group,NASDAQ,Mid,5973891584
NYMT,New York Mortgage Trust,NASDAQ,Small,712769984
OCFC,Oceanfirst Financial,NASDAQ,Small,986831872
ODFL,Old Dominion Freight Line,NASDAQ,Large,42339504128
OFIX,Orthofix International N.V.,NASDAQ,Small,519003200
OFLX,Omega Flex,NASDAQ,Small,707801152
OLED,Universal Display Corp.,NASDAQ,Mid,8030986752
OMAB,Grupo Aeroportuario Del Centro,NASDAQ,Mid,4108799488
OMCL,Omnicell,NASDAQ,Small,1476846080
ONB,Old National Bancorp Capital,NASDAQ,Mid,4735158272
OPEN,Opentable,NASDAQ,Mid,2328357632
ORLY,O'Reilly Automotive,NASDAQ,Large,61265420288
OSBC,Old Second Bancorp,NASDAQ,Small,597610944
OSIS,Osi Systems,NASDAQ,Mid,2213108224
OSUR,Orasure Technologies,NASDAQ,Small,543049024
OTEX,Open Text Corp.,NASDAQ,Large,11969955840
OTTR,Otter Tail Corp.,NASDAQ,Mid,3831109376
OXLC,Oxford Lane Capital,NASDAQ,Small,1150704000
OXLCO,Oxford Lane Capital Corp.,NASDAQ,Small,415305088
PAAS,Pan American Silver,NASDAQ,Mid,5073300480
PACB,Pacific Biosciences Of California,NASDAQ,Small,1815944704
PACW,Pacwest Bancorp,NASDAQ,Small,904521024
PATH,Nupathe Inc.,NASDAQ,Large,12985830400
PATK,Patrick Industries,NASDAQ,Mid,2225050624
PAYX,Paychex,NASDAQ,Large,43407130624
PCAR,Paccar Inc.,NASDAQ,Large,53285019648
PCH,Potlatch Corp.,NASDAQ,Mid,3583329792
PCRX,Pacira Pharmaceuticals,NASDAQ,Small,1493436416
PDCO,Patterson Companies Inc.,NASDAQ,Mid,2783999744
PDFS,Pdf Solutions,NASDAQ,Small,1200642688
PEBO,Peoples Bancorp Inc.,NASDAQ,Small,1015827328
PEGA,Pegasystems Inc.,NASDAQ,Mid,4127661824
PENN,Penn National Gaming,NASDAQ,Mid,3237778176
PERI,Perion Network Ltd,NASDAQ,Small,1393508096
PFBC,Preferred Bank,NASDAQ,Small,961348672
PFLT,Pennantpark Floating Rate Capit,NASDAQ,Small,656947648
PGC,Peapack-Gladstone Financial Corp.,NASDAQ,Small,476488352
PGTI,Pgt,NASDAQ,Mid,2404854016
PKOH,Park-Ohio Holdings,NASDAQ,Small,333633856
PLAB,Photronics,NASDAQ,Small,1868051712
PLPC,Preformed Line Products Company,NASDAQ,Small,628810880
PLUG,Plug Power,NASDAQ,Mid,2809529344
PLUS,Eplus Inc.,NASDAQ,Mid,2056123520
PLXS,Plexus,NASDAQ,Mid,2646729216
PNFP,Pinnacle Financial Partners,NASDAQ,Mid,6282433024
PNNT,Pennantpark Investment Corp.,NASDAQ,Small,450420832
PODD,Insulet Corp.,NASDAQ,Large,13571692544
POOL,Pool Corp.,NASDAQ,Large,14355398656
POWI,Power Integrations,NASDAQ,Mid,4270574336
POWL,Powell Industries,NASDAQ,Small,1390766464
PPBI,Pacific Premier Bancorp Inc,NASDAQ,Mid,2398419712
PPC,Pilgrim's Pride Corp.,NASDAQ,Mid,6464366592
PRAA,Portfolio Recovery Associates,NASDAQ,Small,901633216
PRFT,Perficient,NASDAQ,Mid,2382897664
PRGS,Progress Software Corp.,NASDAQ,Mid,2484496896
PRIM,Primoris Services Corp.,NASDAQ,Small,1786772992
PRMW,Primo Water Corp.,NASDAQ,Mid,2367969280
PRTA,Prothena Corporation Plc,NASDAQ,Small,1491627008
PSEC,Prospect Capital Corp.,NASDAQ,Mid,2355615488
PSMT,Pricesmart,NASDAQ,Mid,2327134976
PTCT,Ptc Therapeutics Inc.,NASDAQ,Small,1969587072
PTEN,Patterson-Uti Energy,NASDAQ,Mid,4560903168
PTSI,P.A.M. Transportation Services,NASDAQ,Small,440481056
PZZA,Papa John's International,NASDAQ,Mid,2431142912
QCOM,Qualcomm Inc.,NASDAQ,Large,158006362112
QCRH,Qcr Holdings,NASDAQ,Small,947507904
QDEL,Quidel Corp.,NASDAQ,Mid,4629868032
QGEN,Qiagen N.V.,NASDAQ,Mid,9707840512
QIWI,Qiwi Plc,NASDAQ,Small,355582720
QLYS,Qualys Inc.,NASDAQ,Mid,6911075840
QNST,Quinstreet,NASDAQ,Small,706798016
QQQX,Nasdaq Premium Income And Growth,NASDAQ,Small,1121339520
RBCAA,Republic Bancorp,NASDAQ,Small,984634368
RDNT,Radnet,NASDAQ,Mid,2554877696
RDWR,Radware Ltd,NASDAQ,Small,790140224
REGI,Renewable Energy Group Inc.,NASDAQ,Mid,3106199040
REGN,Regeneron Pharmaceuticals,NASDAQ,Large,104483446784
RGEN,Repligen Corp.,NASDAQ,Large,10635996160
RGLD,Royal Gold,NASDAQ,Mid,7680380416
RICK,Rick's Cabaret International,NASDAQ,Small,583622848
RMBS,Rambus,NASDAQ,Mid,7340714496
RNA,Prosensa Holding B.V.,NASDAQ,Small,958542592
RNST,Renasant Corp.,NASDAQ,Small,1725811200
ROCK,Gibraltar Industries,NASDAQ,Mid,2514655488
ROIC,Retail Opportunity Investments,NASDAQ,Small,1728117504
ROST,Ross Stores,NASDAQ,Large,47724089344
RPRX,Repros Therapeutics Inc.,NASDAQ,Large,17118151680
RUSHA,Rush Enterprises,NASDAQ,Mid,3614383104
RUSHB,Rush Enterprises,NASDAQ,Mid,3617523712
RYAAY,Ryanair Holdings Plc,NASDAQ,Large,31185203200
SAFT,Safety Insurance Group,NASDAQ,Small,1237564288
SAIA,Saia,NASDAQ,Large,12209644544
SANM,Sanmina-Sci Corp.,NASDAQ,Mid,3355490048
SASR,Sandy Spring Bancorp,NASDAQ,Small,1077028096
SATS,Echostar Corp.,NASDAQ,Mid,3672204288
SAVE,Spirit Airlines Inc.,NASDAQ,Small,690487552
SBAC,SBA Communications Corp.,NASDAQ,Large,24710436864
SBCF,Seacoast Banking Corporation Of Florida,NASDAQ,Mid,2015448704
SBGI,Sinclair Broadcast Group,NASDAQ,Small,996861632
SBLK,Star Bulk Carriers,NASDAQ,Small,1837449600
SBRA,Sabra Healthcare REIT,NASDAQ,Mid,3070000384
SBSI,Southside Bancshares,NASDAQ,Small,930156736
SBUX,Starbucks Corp.,NASDAQ,Large,104951136256
SCHL,Scholastic Corp.,NASDAQ,Small,1151655168
SCSC,Scansource,NASDAQ,Small,983548800
SCVL,Shoe Carnival,NASDAQ,Small,698910016
SEIC,Sei Investments Company,NASDAQ,Mid,8620329984
SENEA,Seneca Foods,NASDAQ,Small,382901632
SENEB,Seneca Foods,NASDAQ,Small,381973344
SFM,Sprouts Farmers Market Inc.,NASDAQ,Mid,5166408192
SFNC,Simmons First National Corp.,NASDAQ,Mid,2313400320
SGEN,Seattle Genetics,NASDAQ,Large,43154776064
SHBI,Shore Bancshares Inc,NASDAQ,Small,404377536
SHEN,Shenandoah Telecommunications Co,NASDAQ,Small,1036454016
SHOO,Steven Madden,NASDAQ,Mid,3164133632
SIGA,Siga Technologies Inc.,NASDAQ,Small,345149728
SIGI,Selective Insurance Group,NASDAQ,Mid,5778931200
SIMO,Silicon Motion Technology Corp.,NASDAQ,Mid,2121363584
SIRI,Sirius Xm Radio Inc.,NASDAQ,Large,19859935232
SKYW,Skywest,NASDAQ,Mid,2192739840
SLAB,Silicon Laboratories,NASDAQ,Mid,3816376064
SLGN,Silgan Holdings,NASDAQ,Mid,4913817600
SLM,Slm Corp.,NASDAQ,Mid,4307966464
SLMBP,Slm Corp Pfd B,NASDAQ,Mid,4635952128
SLP,Simulations Plus,NASDAQ,Small,761545152
SLRC,Solar Capital Ltd,NASDAQ,Small,826774976
SMBC,Southern Missouri Bancorp,NASDAQ,Small,481812576
SMCI,Super Micro Computer,NASDAQ,Large,31954765824
SMMF,Summit Financial Group,NASDAQ,Small,409375968
SMPL,Kaiser Federal Financial Group,NASDAQ,Mid,3786885888
SMRT,Stein Mart,NASDAQ,Small,608449216
SMTC,Semtech Corp.,NASDAQ,Small,1265767808
SNPS,Synopsys,NASDAQ,Large,81832460288
SOHU,Sohu.Com Inc.,NASDAQ,Small,331064128
SPLK,Splunk Inc.,NASDAQ,Large,25855569920
SPNS,Sapiens International Corporation N.V.,NASDAQ,Small,1515366656
SPSC,Sps Commerce,NASDAQ,Mid,6454373888
SPTN,Spartan Stores,NASDAQ,Small,782495616
SPWR,Sunpower Corp.,NASDAQ,Small,639190784
SRCE,1St Source Corp.,NASDAQ,Small,1251295872
SRCL,Stericycle,NASDAQ,Mid,4455001600
SRDX,Surmodics,NASDAQ,Small,448080032
SRPT,Sarepta Therapeutics Inc,NASDAQ,Large,11452922880
SSNC,SS&C Technologies Holdings,NASDAQ,Large,15110851584
SSYS,Stratasys,NASDAQ,Small,924044352
STAA,Staar Surgical Company,NASDAQ,Small,1399109504
STBA,S&T Bancorp,NASDAQ,Small,1230713728
STEL,Stellarone Corp.,NASDAQ,Small,1307761152
STEM,Stemcells,NASDAQ,Small,476262304
STKL,Sunopta,NASDAQ,Small,702369408
STLD,Steel Dynamics,NASDAQ,Large,19621808128
STRA,Strayer Education,NASDAQ,Mid,2335859456
STRL,Sterling Construction Company Inc,NASDAQ,Mid,2377224192
STX,Seagate Technology.,NASDAQ,Large,18175080448
SUPN,Supernus Pharmaceuticals Inc.,NASDAQ,Small,1512235904
SVA,Sinovac Biotech,NASDAQ,Small,642436736
SWKS,Skyworks Solutions,NASDAQ,Large,16291779584
SYBT,S.Y. Bancorp,NASDAQ,Small,1419417472
SYNA,Synaptics Inc.,NASDAQ,Mid,4150877440
TAST,Carrols Restaurant Group,NASDAQ,Small,512264256
TBBK,The Bancorp,NASDAQ,Mid,2236105216
TCBI,Texas Capital Bancshares,NASDAQ,Mid,2838525440
TCBK,Trico Bancshares,NASDAQ,Small,1172700544
TCPC,Tcp Capital Corp.,NASDAQ,Small,654757696
TECH,Techne Corp.,NASDAQ,Large,10653774848
TFSL,Tfs Financial Corp.,NASDAQ,Mid,3696964096
TGTX,Tg Therapeutics,NASDAQ,Mid,2532816896
THFF,First Financial Corporation Indiana,NASDAQ,Small,449743360
THRD,Tf Financial Corp.,NASDAQ,Small,352365472
THRM,Amerigon Incorporated,NASDAQ,Small,1591276544
TIGR,Tigerlogic Corp.,NASDAQ,Small,588534720
TILE,Interface,NASDAQ,Small,732729280
TIPT,Tiptree Financial Inc.,NASDAQ,Small,696408768
TITN,Titan Machinery Inc.,NASDAQ,Small,611438528
TOWN,Towne Bank,NASDAQ,Mid,2061069312
TREE,Tree.Com,NASDAQ,Small,421290752
TRIP,Tripadvisor Inc.,NASDAQ,Mid,3009238528
TRMB,Trimble Navigation Limited,NASDAQ,Large,12832697344
TRMK,Trustmark Corp.,NASDAQ,Small,1622356480
TRNS,Transcat,NASDAQ,Small,976743360
TROW,T. Rowe Price Group,NASDAQ,Large,24377225216
TRS,Trimas Corp.,NASDAQ,Small,1023349760
TRST,Trustco Bank Corp NY,NASDAQ,Small,534393472
TSCO,Tractor Supply Company,NASDAQ,Large,25112719360
TSEM,Tower Semiconductor Ltd,NASDAQ,Mid,3159620864
TSLA,Tesla Motors,NASDAQ,Mega,593899618304
TTEC,Teletech Holdings,NASDAQ,Small,952993280
TTEK,Tetra Tech,NASDAQ,Mid,8708509696
TTGT,Techtarget,NASDAQ,Small,974145728
TTMI,Ttm Technologies,NASDAQ,Small,1446255616
TTWO,Take-Two Interactive Software,NASDAQ,Large,28069724160
TXN,Texas Instruments Inc.,NASDAQ,Large,144440098816
TXRH,Texas Roadhouse,NASDAQ,Mid,8512174080
UBSI,United Bankshares,NASDAQ,Mid,4765049344
UCBI,United Community Banks,NASDAQ,Mid,3213864960
UCTT,Ultra Clean Holdings,NASDAQ,Small,1720830208
UFCS,United Fire Group Inc.,NASDAQ,Small,558870656
UFPI,Universal Forest Products,NASDAQ,Mid,7130071552
UFPT,Ufp Technologies,NASDAQ,Small,1312347520
UHAL,Amerco,NASDAQ,Large,12530543616
ULTA,Ulta Salon Cosmetics & Fragrance,NASDAQ,Large,24395597824
UMBF,Umb Financial Corp.,NASDAQ,Mid,3977551872
UNFI,United Natural Foods,NASDAQ,Small,913100928
URBN,Urban Outfitters,NASDAQ,Mid,3593536000
USLM,United States Lime & Minerals,NASDAQ,Small,1438586880
UTHR,United Therapeutics Corp.,NASDAQ,Large,10177836032
UVSP,Univest Corporation Of Pennsylvania,NASDAQ,Small,607350784
VALU,Value Line,NASDAQ,Small,439862880
VECO,Veeco Instruments Inc.,NASDAQ,Small,1799553920
VICR,Vicor Corp.,NASDAQ,Small,1676443008
VLGEA,Village Super Market,NASDAQ,Small,376702816
VOD,Vodafone Group Plc,NASDAQ,Large,23995439104
VRNT,Verint Systems Inc.,NASDAQ,Small,1843203328
VRSK,Verisk Analytics,NASDAQ,Large,35365232640
VRSN,Verisign,NASDAQ,Large,20459819008
VRTS,Virtus Investment Partners,NASDAQ,Small,1681431424
VRTX,Vertex Pharmaceuticals Inc.,NASDAQ,Large,111932342272
VSAT,Viasat,NASDAQ,Mid,2764130048
VSEC,Vse Corp.,NASDAQ,Small,974049216
VSTM,Verastem Inc.,NASDAQ,Small,303217216
WABC,Westamerica Bancorporation,NASDAQ,Small,1242868608
WAFD,Washington Federal,NASDAQ,Small,1812625024
WASH,Washington Trust Bancorp,NASDAQ,Small,461538400
WDC,Western Digital Corp.,NASDAQ,Large,18624518144
WDFC,Wd-40 Company,NASDAQ,Mid,3529484544
WEN,The Wendy's Company,NASDAQ,Mid,3956047872
WERN,Werner Enterprises,NASDAQ,Mid,2486981888
WEYS,Weyco Group,NASDAQ,Small,305823360
WINA,Winmark Corp.,NASDAQ,Small,1280676096
WIRE,Encore Wire Corp.,NASDAQ,Mid,3640223488
WLFC,Willis Lease Finance Corp.,NASDAQ,Small,333255424
WOOF,Vca Antech,NASDAQ,Small,659140480
WRLD,World Acceptance Corp.,NASDAQ,Small,761349056
WSBC,Wesbanco,NASDAQ,Small,1706180864
WSFS,Wsfs Financial Corp.,NASDAQ,Mid,2584064512
WTBA,West Bancorporation,NASDAQ,Small,310083360
WTFC,Wintrust Financial Corp.,NASDAQ,Mid,5735463424
WWD,Woodward,NASDAQ,Mid,8314443264
WYNN,Wynn Resorts Limited,NASDAQ,Large,10967056384
XRAY,Dentsply International Inc.,NASDAQ,Mid,7418807808
YNDX,Yandex N.V.,NASDAQ,Mid,6797281792
YORW,The York Water Company,NASDAQ,Small,517303392
YY,Yy Inc.,NASDAQ,Small,1914146304
Z,Zillow Inc. Cl A,NASDAQ,Large,13510127616
ZBRA,Zebra Technologies Corporation,NASDAQ,Large,12223328256
ZEUS,Olympic Steel,NASDAQ,Small,756787392
ZION,Zions Bancorporation,NASDAQ,Mid,5887600128
ZUMZ,Zumiez Inc.,NASDAQ,Small,345111584
