Ticker,Identifier
A,1
AA,2
AAN,3
AAT,4
AB,5
ABBV,6
ABM,7
ABR,8
ABT,9
ACI,10
ACM,11
ACN,12
ACP,13
ACRE,14
ACT,15
ADC,16
ADM,17
ADT,18
ADX,19
AEE,20
AEF,21
AEG,22
AEL,23
AEM,24
AEO,25
AEP,26
AER,27
AES,28
AFB,29
AFG,30
AFL,31
AFT,32
AG,33
AGCO,34
AGD,35
AGI,36
AGM,37
AGM-A,38
AGO,39
AGRO,40
AHH,41
AHL-PC,42
AHT,43
AHT-PD,44
AI,45
AIB,46
AIF,47
AIG,48
AIN,49
AIR,50
AIT,51
AIV,52
AIZ,53
AJG,54
AKR,55
AL,56
ALB,57
ALE,58
ALEX,59
ALG,60
ALK,61
ALL,62
ALSN,63
ALV,64
ALX,65
AM,66
AMD,67
AME,68
AMG,69
AMH,70
AMP,71
AMRC,72
AMT,73
AMTD,74
AMX,75
AN,76
ANF,77
AOD,78
AON,79
AOS,80
AP,81
APA,82
APAM,83
APD,84
APH,85
APO,86
ARC,87
ARDC,88
ARE,89
ARI,90
ARL,91
ARR,92
ARW,93
ASA,94
ASC,95
ASG,96
ASGN,97
ASH,98
ASR,99
ASX,100
ATI,101
ATO,102
ATR,103
AU,104
AVA,105
AVB,106
AVD,107
AVK,108
AVT,109
AVY,110
AWF,111
AWH,112
AWI,113
AWK,114
AWP,115
AWR,116
AXL,117
AXP,118
AXR,119
AXS,120
AYI,121
AZN,122
AZO,123
AZZ,124
BCC,125
BCE,126
BCH,127
BCO,128
BCS,129
BCX,130
BDC,131
BDJ,132
BDN,133
BDX,134
BEAM,135
BEN,136
BEP,137
BERY,138
BFAM,139
BFK,140
BFS,141
BFZ,142
BG,143
BGB,144
BGC,145
BGH,146
BGR,147
BGS,148
BGT,149
BGX,150
BGY,151
BH,152
BHE,153
BHK,154
BHLB,155
BHP,156
BIG,157
BIO,158
BIP,159
BIT,160
BK,161
BKD,162
BKE,163
BKH,164
BKN,165
BKT,166
BKU,167
BLK,168
BLW,169
BLX,170
BMA,171
BME,172
BMI,173
BMO,174
BMR,175
BMY,176
BNS,177
BNY,178
BOE,179
BOH,180
BP,181
BPT,182
BR,183
BRC,184
BRFS,185
BRO,186
BRP,187
BRT,188
BRY,189
BSAC,190
BSBR,191
BSL,192
BSX,193
BTA,194
BTE,195
BTO,196
BTT,197
BTU,198
BTZ,199
BUD,200
BUI,201
BVN,202
BWA,203
BWG,204
BXC,205
BXMT,206
BXP,207
BYD,208
BYM,209
BZ,210
BZH,211
C,212
CACI,213
CAE,214
CAF,215
CAG,216
CAH,217
CALX,218
CAT,219
CATO,220
CB,221
CBD,222
CBL,223
CBT,224
CBU,225
CBZ,226
CCG,227
CCI,228
CCJ,229
CCK,230
CCL,231
CCM,232
CCO,233
CCU,234
CCZ,235
CDE,236
CE,237
CEE,238
CEM,239
CF,240
CFR,241
CGA,242
CHD,243
CHE,244
CHH,245
CHK,246
CHKR,247
CHN,248
CHS,249
CHT,250
CI,251
CIA,252
CIB,253
CIF,254
CIG,255
CII,256
CIM,257
CL,258
CLB,259
CLDT,260
CLF,261
CLH,262
CLS,263
CLW,264
CLX,265
CM,266
CMA,267
CMC,268
CMG,269
CMI,270
CMP,271
CMRE,272
CMS,273
CMU,274
CAN,275
CNC,276
CNI,277
CNK,278
CNO,279
CNP,280
CNQ,281
CNS,282
CNX,283
CODI,284
COF,285
COO,286
COP,287
COR,288
CORR,289
COTY,290
CP,291
CPA,292
CPAC,293
CFB,294
CPE,295
CPF,296
CPK,297
CPT,298
CR,299
CRH,300
CRI,301
CRK,302
CRL,303
CRM,304
CRS,305
CRT,306
CSL,307
CSTM,308
CSV,309
CSX,310
CTR,311
CTS,312
CUBE,313
CUK,314
CUZ,315
CVE,316
CVI,317
CVS,318
CVX,319
CW,320
CWH,321
CWT,322
CX,323
CXE,324
CXH,325
CXW,326
CYD,327
CYH,328
CYN,329
CYT,330
D,331
DAC,332
DAL,333
DAN,334
DAR,335
DB,336
DBD,337
DBL,338
DCI,339
DCO,340
DD,341
DDC,342
DDD,343
DDS,344
DE,345
DEI,346
DEO,347
DFP,348
DFS,349
DG,350
DGX,351
DHF,352
DHI,353
DHR,354
DHT,355
DHX,356
DIN,357
DIS,358
DK,359
DKL,360
DKS,361
DLB,362
DLR,363
DLX,364
DM,365
DMB,366
DMO,367
DNB,368
DNP,369
DO,370
DOC,371
DOLE,372
DOV,373
DOW,374
DOX,375
DPG,376
DPZ,377
DQ,378
DRD,379
DRH,380
DRI,381
DRQ,382
DSL,383
DSM,384
DSU,385
DSX,386
DTE,387
DTF,388
DUK,389
DV,390
DVA,391
DVN,392
DX,393
DY,394
DYN,395
E,396
EARN,397
EAT,398
EBF,399
EBR,400
EBS,401
EC,402
ECL,403
ED,404
EDD,405
EDF,406
EDI,407
EDN,408
EDU,409
EE,410
EEA,411
EFC,412
EFR,413
EFT,414
EFX,415
EGF,416
EGO,417
EGP,418
EGY,419
EHI,420
EIG,421
EIX,422
EL,423
ELA,424
ELP,425
ELS,426
EMD,427
EME,428
EMF,429
EMN,430
EMO,431
EMR,432
ENB,433
ENJ,434
ENR,435
ENS,436
ENV,437
ENZ,438
EOD,439
EOG,440
EOI,441
EOS,442
EOT,443
EPAM,444
EPD,445
EPR,446
EQR,447
EQS,448
EQT,449
ERF,450
ERJ,451
ESE,452
ESI,453
ESS,454
ETB,455
ETG,456
ETJ,457
ETN,458
ETO,459
ETR,460
ETV,461
ETW,462
ETX,463
ETY,464
EVC,465
EVER,466
EVF,467
EVG,468
EVN,469
EVR,470
EVT,471
EVTC,472
EW,473
EXC,474
EXG,475
EXK,476
EXP,477
EXPR,478
EXR,479
F,480
FAF,481
FAM,482
FBP,483
FC,484
FCF,485
FCN,486
FCT,487
FCX,488
FDP,489
FDS,490
FDX,491
FE,492
FEI,493
FENG,494
FET,495
FF,496
FFA,497
FFC,498
FGB,499
FHN,500
FI,501
FICO,502
FIF,503
FIX,504
FL,505
FLC,506
FLO,507
FLR,508
FLS,509
FLT,510
FMC,511
FMN,512
FMO,513
FMS,514
FMX,515
FMY,516
FN,517
FNB,518
FNF,519
FNV,520
FOF,521
FOR,522
FPF,523
FR,524
FRA,525
FRO,526
FRT,527
FSD,528
FSM,529
FSS,530
FT,531
FTI,532
FTK,533
FUL,534
FUN,535
G,536
GAB,537
GAM,538
GB,539
GBAB,540
GBX,541
GCI,542
GCO,543
GCV,544
GD,545
GDL,546
GDO,547
GDOT,548
GDV,549
GE,550
GEF,551
GEL,552
GEO,553
GES,554
GF,555
GFF,556
GFI,557
GGB,558
GGE,559
GGG,560
GGT,561
GHI,562
GHL,563
GHY,564
GIB,565
GIL,566
GIM,567
GIS,568
GLP,569
GLT,570
GLW,571
GM,572
GME,573
GMED,574
GNE,575
GNK,576
GNRC,577
GNT,578
GNW,579
GOF,580
GOL,581
GPC,582
GPI,583
GPK,584
GPN,585
GPS,586
GRAM,587
GRX,588
GS,589
GSK,590
GSL,591
GTN,592
GTY,593
GUT,594
GVA,595
GWRE,596
GWW,597
H,598
HAE,599
HAL,600
HASI,601
HBI,602
HBM,603
HCA,604
HCC,605
HCI,606
HCP,607
HD,608
HDB,609
HE,610
HEI,611
HEP,612
HEQ,613
HES,614
HHS,615
HI,616
HIG,617
HII,618
HIO,619
HIW,620
HIX,621
HL,622
HLF,623
HLX,624
HMC,625
HMN,626
HMY,627
HNI,628
HOG,629
HON,630
HOV,631
HP,632
HPF,633
HPI,634
HPP,635
HPQ,636
HPS,637
HQH,638
HQL,639
HR,640
HRB,641
HRL,642
HST,643
HSY,644
HTD,645
HTGC,646
HTH,647
HTY,648
HTZ,649
HUM,650
HUN,651
HVT,652
HXL,653
HY,654
HYB,655
HYI,656
HYT,657
HZO,658
IAE,659
IAG,660
IBM,661
IBN,662
ICE,663
IDA,664
IDE,665
IDT,666
IEX,667
IFF,668
IFN,669
IGA,670
IGD,671
IGI,672
IGR,673
IGT,674
IHD,675
IHG,676
IHS,677
IIF,678
IIM,679
IMAX,680
INFY,681
ING,682
INGR,683
INN,684
IP,685
IPG,686
IPI,687
IQI,688
IR,689
IRM,690
IRS,691
ISD,692
IT,693
ITT,694
ITUB,695
ITW,696
IVR,697
IVZ,698
IX,699
JBI,700
JBL,701
JBT,702
JCE,703
JCI,704
JEQ,705
JFR,706
JHI,707
JHS,708
JHX,709
JKS,710
JLL,711
JLS,712
JNJ,713
JNPR,714
JOE,715
JOF,716
JPC,717
JPI,718
JPM,719
JQC,720
JRI,721
JWN,722
K,723
KAI,724
KAMN,725
KAR,726
KB,727
KBH,728
KBR,729
KEP,730
KEX,731
KEY,732
KF,733
KFS,734
KFY,735
KGC,736
KIM,737
KIO,738
KKR,739
KMB,740
KMI,741
KMPR,742
KMT,743
KMX,744
KNOP,745
KNX,746
KO,747
KOF,748
KOP,749
KOS,750
KR,751
KRC,752
KRG,753
KRO,754
KSM,755
KSS,756
KT,757
KTF,758
KW,759
KWR,760
KYN,761
L,762
LAD,763
LAZ,764
LDP,765
LEA,766
LEE,767
LEG,768
LEN,769
LEO,770
LGI,771
LH,772
LII,773
LIN,774
LITB,775
LL,776
LLY,777
LMT,778
LNC,779
LND,780
LNN,781
LNT,782
LOW,783
LPL,784
LPX,785
LRE,786
LRN,787
LTC,788
LUV,789
LVS,790
LXFR,791
LXP,792
LXU,793
LYB,794
LYG,795
LYV,796
LZB,797
M,798
MA,799
MAA,800
MAC,801
MAIN,802
MAN,803
MANU,804
MAR,805
MAS,806
MATX,807
MAV,808
MBI,809
MCD,810
MCI,811
MCK,812
MCN,813
MCO,814
MCR,815
MCS,816
MCY,817
MD,818
MDC,819
MDT,820
MDU,821
MED,822
MEG,823
MEI,824
MET,825
MFA,826
MFC,827
MFD,828
MFG,829
MFM,830
MFV,831
MG,832
MGA,833
MGF,834
MGM,835
MHD,836
MHF,837
MHI,838
MHK,839
MHN,840
MHO,841
MIN,842
MITT,843
MIXT,844
MIY,845
MKC,846
MKL,847
MLI,848
MLM,849
MLP,850
MLR,851
MMC,852
MMD,853
MMM,854
MMS,855
MMT,856
MMU,857
MNR,858
MO,859
MOD,860
MODN,861
MOH,862
MOS,863
MOV,864
MPA,865
MPC,866
MPLX,867
MPV,868
MPW,869
MPX,870
MQT,871
MQY,872
MRC,873
MRIN,874
MRK,875
MRO,876
MS,877
MSA,878
MSB,879
MSCI,880
MSD,881
MSI,882
MSM,883
MT,884
MTB,885
MTD,886
MTDR,887
MTG,888
MTH,889
MTN,890
MTR,891
MTRN,892
MTW,893
MTX,894
MTZ,895
MUA,896
MUC,897
MUE,898
MUI,899
MUJ,900
MUR,901
MUX,902
MVO,903
MVT,904
MWA,905
MWG,906
MX,907
MXE,908
MXF,909
MXL,910
MYC,911
MYD,912
MYE,913
MYI,914
MYN,915
NAC,916
NAD,917
NAN,918
NAT,919
NAZ,920
NBB,921
NBHC,922
NBR,923
NC,924
NCA,925
NCV,926
NCZ,927
NDP,928
NE,929
NEE,930
NEM,931
NEU,932
NFG,933
NFJ,934
NGG,935
NGL,936
NGS,937
NGVC,938
NHI,939
NI,940
NIE,941
NIM,942
NIO,943
NJR,944
NKE,945
NL,946
NLY,947
NM,948
NMFC,949
NMI,950
NMM,951
NMR,952
NMT,953
NNI,954
NNN,955
NNY,956
NOA,957
NOAH,958
NOC,959
NOK,960
NOV,961
NOW,962
NPK,963
NPO,964
NPV,965
NQP,966
NR,967
NRG,968
NRP,969
NRT,970
NS,971
NSC,972
NSP,973
NSR,974
NSS,975
NTG,976
NTZ,977
NU,978
NUE,979
NUS,980
NUV,981
NUW,982
NVO,983
NVR,984
NVS,985
NWE,986
NWL,987
NWN,988
NX,989
NXC,990
NXN,991
NXP,992
NYCB,993
NYT,994
O,995
OB,996
OC,997
OCN,998
ODC,999
ODP,1000
OFG,1001
OGE,1002
OHI,1003
OI,1004
OIA,1005
OII,1006
OIS,1007
OKE,1008
OLN,1009
OLP,1010
OMC,1011
OMI,1012
ONB,1013
OPK,1014
OPY,1015
ORA,1016
ORAN,1017
ORCL,1018
ORI,1019
ORN,1020
OSK,1021
OXM,1022
OXY,1023
PAA,1024
PAC,1025
PAG,1026
PAI,1027
PAM,1028
PANW,1029
PAR,1030
PAY,1031
PB,1032
PBA,1033
PBF,1034
PBH,1035
PBI,1036
PBR,1037
PBT,1038
PBYI,1039
PCF,1040
PCG,1041
PCK,1042
PCM,1043
PCN,1044
PCQ,1045
PDI,1046
PDM,1047
PDS,1048
PDT,1049
PEB,1050
PEG,1051
PEO,1052
PEP,1053
PFD,1054
PFE,1055
PFG,1056
PFL,1057
PFN,1058
PFO,1059
PFS,1060
PFSI,1061
PFX,1062
PG,1063
PGP,1064
PGR,1065
PGZ,1066
PH,1067
PHD,1068
PHG,1069
PHI,1070
PHK,1071
PHM,1072
PHT,1073
PHX,1074
PII,1075
PIM,1076
PKE,1077
PKG,1078
PKX,1079
PL,1080
PLD,1081
PLL,1082
PLOW,1083
PM,1084
PMF,1085
PML,1086
PMM,1087
PMO,1088
PMT,1089
PMX,1090
PNC,1091
PNF,1092
PNI,1093
PNM,1094
PNR,1095
PNW,1096
POL,1097
POR,1098
POST,1099
PPG,1100
PPL,1101
PPT,1102
PRA,1103
PRE,1104
PRGO,1105
PRI,1106
PRLB,1107
PRO,1108
PRU,1109
PSA,1110
PSF,1111
PSO,1112
PSX,1113
PT,1114
PTY,1115
PUK,1116
PVH,1117
PWR,1118
PX,1119
PXD,1120
PYN,1121
PZC,1122
QUAD,1123
R,1124
RBA,1125
RBC,1126
RCI,1127
RCL,1128
RCS,1129
RDN,1130
RDY,1131
REG,1132
RES,1133
REX,1134
REXR,1135
RF,1136
RFI,1137
RGA,1138
RGC,1139
RGP,1140
RGR,1141
RGS,1142
RH,1143
RHI,1144
RHP,1145
RIG,1146
RIO,1147
RJF,1148
RKT,1149
RL,1150
RLI,1151
RLJ,1152
RM,1153
RMD,1154
RMT,1155
RNP,1156
RNR,1157
ROG,1158
ROK,1159
ROL,1160
ROP,1161
RPM,1162
RPT,1163
RQI,1164
RRC,1165
RRTS,1166
RS,1167
RSG,1168
RVT,1169
RWT,1170
RY,1171
RYN,1172
S,1173
SA,1174
SAH,1175
SAI,1176
SAM,1177
SAN,1178
SAP,1179
SAR,1180
SB,1181
SBH,1182
SBR,1183
SBS,1184
SCCO,1185
SCD,1186
SCHW,1187
SCI,1188
SCL,1189
SCM,1190
SCS,1191
SCX,1192
SD,1193
SDRL,1194
SE,1195
SEAS,1196
SEE,1197
SEM,1198
SF,1199
SFE,1200
SFL,1201
SGU,1202
SHG,1203
SHO,1204
SHW,1205
SID,1206
SIG,1207
SIX,1208
SJM,1209
SJT,1210
SJW,1211
SKM,1212
SKT,1213
SKX,1214
SKY,1215
SLB,1216
SLCA,1217
SLF,1218
SLG,1219
SM,1220
SMFG,1221
SMG,1222
SMLP,1223
SMP,1224
SN,1225
SNA,1226
SNN,1227
SNV,1228
SNX,1229
SNY,1230
SO,1231
SOL,1232
SON,1233
SOR,1234
SPB,1235
SPE,1236
SPG,1237
SPH,1238
SPLP,1239
SPR,1240
SQM,1241
SQNS,1242
SR,1243
SRC,1244
SRE,1245
SRI,1246
SRT,1247
SRV,1248
SSD,1249
SSL,1250
SSP,1251
SSTK,1252
ST,1253
STAG,1254
STC,1255
STE,1256
STK,1257
STM,1258
STN,1259
STNG,1260
STR,1261
STT,1262
STWD,1263
STZ,1264
SU,1265
SUI,1266
SUP,1267
SVM,1268
SWI,1269
SWK,1270
SWN,1271
SWX,1272
SWZ,1273
SXC,1274
SXI,1275
SXT,1276
SYK,1277
SYT,1278
SYY,1279
T,1280
TAC,1281
TAL,1282
TAP,1283
TARO,1284
TBI,1285
TC,1286
TCI,1287
TD,1288
TDC,1289
TDF,1290
TDG,1291
TDS,1292
TDW,1293
TDY,1294
TEF,1295
TEI,1296
TEL,1297
TEO,1298
TER,1299
TEVA,1300
TEX,1301
TFX,1302
TG,1303
TGH,1304
TGI,1305
TGS,1306
TGT,1307
THC,1308
THG,1309
THO,1310
THR,1311
THS,1312
TISI,1313
TJX,1314
TK,1315
TKC,1316
TKR,1317
TLK,1318
TLYS,1319
TM,1320
TMHC,1321
TMO,1322
TMUS,1323
TNC,1324
TNK,1325
TNP,1326
TOL,1327
TPC,1328
TPH,1329
TPL,1330
TPX,1331
TPZ,1332
TR,1333
TRC,1334
TREX,1335
TRGP,1336
TRI,1337
TRMR,1338
TRN,1339
TRNO,1340
TROX,1341
TRP,1342
TRV,1343
TS,1344
TSI,1345
TSM,1346
TSN,1347
TTC,1348
TTI,1349
TTP,1350
TU,1351
TUP,1352
TV,1353
TVC,1354
TVE,1355
TW,1356
TWI,1357
TWN,1358
TWO,1359
TX,1360
TXT,1361
TY,1362
TYG,1363
TYL,1364
UA,1365
UAL,1366
UAN,1367
UBS,1368
UDR,1369
UFI,1370
UGI,1371
UGP,1372
UHS,1373
UHT,1374
UIS,1375
UL,1376
UMC,1377
UMH,1378
UNF,1379
UNH,1380
UNM,1381
UNP,1382
UPS,1383
URI,1384
USA,1385
USAC,1386
USB,1387
USM,1388
USNA,1389
USPH,1390
UTF,1391
UTI,1392
UTL,1393
UVV,1394
V,1395
VAC,1396
VAL,1397
VALE,1398
VBF,1399
VC,1400
WAB,1401
WAL,1402
WAT,1403
WBS,1404
X,1405
XEL,1406
XIN,1407
XOM,1408
XPO,1409
XRX,1410
XYL,1411
YELP,1412
YPF,1413
YUM,1414
ZTR,1415
ZTS,1416
AAME,1417
AAON,1418
AAPL,1419
ABCB,1420
ABIO,1421
ABMD,1422
ACAD,1423
ACET,1424
ACFN,1425
ACGL,1426
ACHC,1427
ACIW,1428
ACLS,1429
ACNB,1430
ACOR,1431
ACRX,1432
ACST,1433
ACTG,1434
ACUR,1435
ADBE,1436
ADES,1437
ADI,1438
ADP,1439
ADSK,1440
ADTN,1441
ADUS,1442
AEHR,1443
AEIS,1444
AEY,1445
AEZS,1446
AGEN,1447
AGIO,1448
AGNC,1449
AGYS,1450
AIRT,1451
AKAM,1452
ALCO,1453
ALGN,1454
ALGT,1455
ALIM,1456
ALKS,1457
ALLT,1458
ALNY,1459
ALOT,1460
ALTI,1461
ALTR,1462
ALVR,1463
AMAT,1464
AMBA,1465
AMBC,1466
AMBI,1467
AMCF,1468
AMCX,1469
AMED,1470
AMGN,1471
AMKR,1472
AMNB,1473
AMRN,1474
AMSC,1475
AMSF,1476
AMSWA,1477
AMWD,1478
AMZN,1479
ANDE,1480
ANGI,1481
ANGO,1482
ANIK,1483
ANIP,1484
ANSS,1485
ANTH,1486
AOSL,1487
APEI,1488
APOG,1489
APWC,1490
AQU,1491
ARAY,1492
ARCC,1493
ARKR,1494
ARLP,1495
AROW,1496
ARRY,1497
ARTNA,1498
ARTW,1499
ARWR,1500
ASCA,1501
ASML,1502
ASPS,1503
ASRV,1504
ASTC,1505
ASTE,1506
ASTI,1507
ASUR,1508
ASYS,1509
ATAI,1510
ATEC,1511
ATHX,1512
ATLC,1513
ATLO,1514
ATNI,1515
ATOS,1516
ATRC,1517
ATRI,1518
ATRO,1519
ATSG,1520
AUBN,1521
AUDC,1522
AVAV,1523
AVGO,1524
AVHI,1525
AVNW,1526
AWRE,1527
AXDX,1528
AXGN,1529
AXTI,1530
AZPN,1531
BANC,1532
BANF,1533
BANR,1534
BBGI,1535
BBSI,1536
BCBP,1537
BCOV,1538
BCPC,1539
BCRX,1540
BDSI,1541
BEAT,1542
BEBE,1543
BECN,1544
BELFA,1545
BELFB,1546
BFIN,1547
BGFV,1548
BGMD,1549
BIDU,1550
BIIB,1551
BIOF,1552
BIOL,1553
BJRI,1554
BKCC,1555
BKSC,1556
BLDP,1557
BLDR,1558
BLIN,1559
BLKB,1560
BLMN,1561
BLRX,1562
BLUE,1563
BMRC,1564
BMRN,1565
BODY,1566
BOKF,1567
BOLT,1568
BOOM,1569
BOSC,1570
BOTJ,1571
BPOP,1572
BRID,1573
BRKL,1574
BRKR,1575
BRLI,1576
BSET,1577
BSPM,1578
BSQR,1579
BSRR,1580
BUR,1581
BUSE,1582
BV,1583
BWEN,1584
BYFC,1585
CAAS,1586
CAC,1587
CACC,1588
CACH,1589
CAFI,1590
CAKE,1591
CALM,1592
CAMP,1593
CAMT,1594
CAR,1595
CART,1596
CARV,1597
CASH,1598
CASS,1599
CASY,1600
CATY,1601
CBAN,1602
CBNK,1603
CBOE,1604
CBRL,1605
CBSH,1606
CCBG,1607
CCNE,1608
CCOI,1609
CCRN,1610
CCUR,1611
CDNS,1612
CDTI,1613
CDW,1614
CDXS,1615
CDZI,1616
CECO,1617
CENT,1618
CENTA,1619
CENX,1620
CERE,1621
CERS,1622
CEVA,1623
CFBK,1624
CFFI,1625
CFFN,1626
CFNB,1627
CG,1628
CGEN,1629
CGNX,1630
CGO,1631
CHCI,1632
CHCO,1633
CHDN,1634
CHEF,1635
CHI,1636
CHKP,1637
CHMG,1638
CHNR,1639
CHRW,1640
CHTR,1641
CHUY,1642
CHW,1643
CHY,1644
CIEN,1645
CINF,1646
CITZ,1647
CIZN,1648
CJJD,1649
CLDX,1650
CLFD,1651
CLIR,1652
CLMT,1653
CLNE,1654
CLRO,1655
CLWT,1656
CMCO,1657
CMCSA,1658
CME,1659
CMLS,1660
CMRX,1661
CMTL,1662
CNET,1663
CNMD,1664
CNOB,1665
CNSL,1666
CNTY,1667
COCO,1668
COHR,1669
COHU,1670
COKE,1671
COLB,1672
COLM,1673
CONN,1674
COOL,1675
CORT,1676
COST,1677
CPHC,1678
CPIX,1679
CPLP,1680
CPRT,1681
CPRX,1682
CPSI,1683
CPSS,1684
CPWR,1685
CRAI,1686
CREG,1687
CRESY,1688
CRIS,1689
CRMT,1690
CRNT,1691
CROX,1692
CRUS,1693
CRVL,1694
CRWS,1695
CSCO,1696
CSGP,1697
CSGS,1698
CSIQ,1699
CSPI,1700
CSQ,1701
CSTE,1702
CSWC,1703
CTAS,1704
CTBI,1705
CTG,1706
CTHR,1707
CTRN,1708
CTSH,1709
CUBA,1710
CUBI,1711
CUTR,1712
CVBF,1713
CVCO,1714
CVCY,1715
CVGI,1716
CVGW,1717
CVLT,1718
CVLY,1719
CVV,1720
CWBC,1721
CWCO,1722
CWST,1723
CYAN,1724
CYCC,1725
CYCCP,1726
CYTK,1727
CZNC,1728
CZR,1729
CZWI,1730
DAIO,1731
DAKT,1732
DAVE,1733
DCOM,1734
DCTH,1735
DECK,1736
DELL,1737
DENN,1738
DGICA,1739
DGICB,1740
DGII,1741
DGLY,1742
DHIL,1743
DIOD,1744
DISH,1745
DJCO,1746
DLHC,1747
DLTR,1748
DMLP,1749
DMRC,1750
DORM,1751
DRRX,1752
DSGX,1753
DSWL,1754
DVAX,1755
DWSN,1756
DXCM,1757
DXLG,1758
DXPE,1759
DXYN,1760
DYNT,1761
DYSL,1762
EA,1763
EAC,1764
EBAY,1765
EBIX,1766
EBMT,1767
EBTC,1768
ECPG,1769
EDAP,1770
EDUC,1771
EEFT,1772
EFSC,1773
EGAN,1774
EGBN,1775
EGHT,1776
EGLE,1777
EHTH,1778
ELSE,1779
ELTK,1780
EMITF,1781
EMKR,1782
EML,1783
EMMS,1784
ENG,1785
ENPH,1786
ENSG,1787
ENTA,1788
ENTG,1789
ENZN,1790
EQIX,1791
ERIC,1792
ERIE,1793
ERII,1794
ESCA,1795
ESEA,1796
ESGR,1797
ESLT,1798
ESMC,1799
ESPR,1800
ESSA,1801
EVOL,1802
EWBC,1803
EXAS,1804
EXEL,1805
EXLS,1806
EXPD,1807
EXPE,1808
EXPO,1809
EXTR,1810
EZPW,1811
FALC,1812
FANG,1813
FARM,1814
FARO,1815
FAST,1816
FBIZ,1817
FBMS,1818
FBNC,1819
FCAP,1820
FCBC,1821
FCCO,1822
FCEL,1823
FCFS,1824
FCNCA,1825
FDUS,1826
FEIM,1827
FELE,1828
FFBC,1829
FFIC,1830
FFIN,1831
FFIV,1832
FFNW,1833
FIBK,1834
FISI,1835
FITB,1836
FIVE,1837
FIZZ,1838
FLEX,1839
FLIC,1840
FLL,1841
FLWS,1842
FLXS,1843
FMNB,1844
FNLC,1845
FOLD,1846
FONR,1847
FORD,1848
FORM,1849
FORR,1850
FORTY,1851
FOSL,1852
FOX,1853
FOXA,1854
FOXF,1855
FRBK,1856
FREE,1857
FRME,1858
FSBW,1859
FSFG,1860
FSLR,1861
FSTR,1862
FTEK,1863
FTNT,1864
FULT,1865
FUNC,1866
FUND,1867
FWRD,1868
GABC,1869
GAIA,1870
GAIN,1871
GALT,1872
GAME,1873
GASS,1874
GBCI,1875
GBDC,1876
GBLI,1877
GCBC,1878
GENC,1879
GENE,1880
GEOS,1881
GERN,1882
GEVO,1883
GGAL,1884
GIFI,1885
GIGA,1886
GIGM,1887
GIII,1888
GILD,1889
GILT,1890
GLAD,1891
GLBS,1892
GLBZ,1893
GLDD,1894
GLNG,1895
GLRE,1896
GNTX,1897
GOGO,1898
GOLD,1899
GOOD,1900
GOODO,1901
GOOG,1902
GPOR,1903
GPRC,1904
GPRE,1905
GRFS,1906
GRIF,1907
GRMN,1908
GROW,1909
GRPN,1910
GRVY,1911
GSBC,1912
GSIT,1913
GSM,1914
GT,1915
GTIM,1916
GTLS,1917
GURE,1918
GYRO,1919
HA,1920
HAFC,1921
HAIN,1922
HALL,1923
HALO,1924
HAS,1925
HAUP,1926
HAYN,1927
HBAN,1928
HBCP,1929
HBIO,1930
HBNC,1931
HCKT,1932
HCSG,1933
HDSN,1934
HEES,1935
HELE,1936
HFBL,1937
HFWA,1938
HIBB,1939
HIFS,1940
HIHO,1941
HIMX,1942
HLIT,1943
HMNF,1944
HMNY,1945
HMST,1946
HNRG,1947
HOFT,1948
HOLI,1949
HOLX,1950
HOMB,1951
HOVNP,1952
HRZN,1953
HSIC,1954
HSII,1955
HSON,1956
HSTM,1957
HTBI,1958
HTBK,1959
HTHT,1960
HTLD,1961
HTLF,1962
HUBG,1963
HURC,1964
HURN,1965
HWBK,1966
HWKN,1967
IART,1968
IBCP,1969
IBKR,1970
IBOC,1971
IBTX,1972
ICAD,1973
ICCC,1974
ICFI,1975
ICLR,1976
ICUI,1977
IDCC,1978
IDXX,1979
IEP,1980
IESC,1981
III,1982
IIIN,1983
ILMN,1984
IMGN,1985
IMKTA,1986
IMMR,1987
IMOS,1988
INBK,1989
INCY,1990
INDB,1991
INFA,1992
INFN,1993
INOD,1994
INSM,1995
INTC,1996
INTG,1997
INTT,1998
INTU,1999
INVE,2000
IOSP,2001
IPAR,2002
IPDN,2003
IPGP,2004
IRBT,2005
IRDM,2006
IRIX,2007
IROQ,2008
IRWD,2009
ISRG,2010
ISRL,2011
ISSC,2012
ITIC,2013
ITRI,2014
ITRN,2015
IVAC,2016
JACK,2017
JAKK,2018
JAZZ,2019
JBHT,2020
JBLU,2021
JBSS,2022
JCTCF,2023
JJSF,2024
JKHY,2025
JOUT,2026
JSM,2027
JVA,2028
KALU,2029
KCLI,2030
KELYA,2031
KELYB,2032
KEQU,2033
KFFB,2034
KFRC,2035
KGJI,2036
KINS,2037
KIRK,2038
KLAC,2039
KLIC,2040
KMDA,2041
KNDI,2042
KOPN,2043
KOSS,2044
KRNY,2045
KTCC,2046
KTOS,2047
KVHI,2048
LAKE,2049
LAMR,2050
LANC,2051
LAND,2052
LARK,2053
LBAI,2054
LBTYA,2055
LBTYB,2056
LBTYK,2057
LCNB,2058
LCUT,2059
LECO,2060
LEDS,2061
LFUS,2062
LFVN,2063
LGND,2064
LIFE,2065
LINC,2066
LIVE,2067
LKFN,2068
LKQ,2069
LMAT,2070
LMNR,2071
LOAN,2072
LOCM,2073
LOGI,2074
LOPE,2075
LPLA,2076
LPSN,2077
LPTH,2078
LQDT,2079
LRCX,2080
LSBK,2081
LSCC,2082
LSTR,2083
LTBR,2084
LTRE,2085
LTRX,2086
LULU,2087
LUNA,2088
LWAY,2089
LXRX,2090
LYTS,2091
MACK,2092
MAG,2093
MANH,2094
MARK,2095
MARPS,2096
MASI,2097
MAT,2098
MATW,2099
MAYS,2100
MBWM,2101
MCBC,2102
MCBI,2103
MCBK,2104
MCHP,2105
MCHX,2106
MCRI,2107
MDLZ,2108
MDRX,2109
MDXG,2110
MEIL,2111
MEIP,2112
MELI,2113
MEOH,2114
MERC,2115
MGAM,2116
MGEE,2117
MGIC,2118
MGPI,2119
MGRC,2120
MGYR,2121
MHLD,2122
MIDD,2123
MIND,2124
MITK,2125
MKSI,2126
MKTX,2127
MLAB,2128
MLNK,2129
MMLP,2130
MMSI,2131
MMYT,2132
MNDO,2133
MNKD,2134
MNOV,2135
MNRO,2136
MNST,2137
MNTX,2138
MOFG,2139
MORN,2140
MOVE,2141
MPAA,2142
MPB,2143
MPWR,2144
MRCC,2145
MRCY,2146
MRGE,2147
MRTN,2148
MRTX,2149
MRVL,2150
MSEX,2151
MSFT,2152
MSTR,2153
MTEX,2154
MTRX,2155
MTSI,2156
MU,2157
MVIS,2158
MYGN,2159
MYRG,2160
NAII,2161
NASB,2162
NATH,2163
NATL,2164
NATR,2165
NAUH,2166
NBIX,2167
NBN,2168
NBTB,2169
NCLH,2170
NCMI,2171
NCTY,2172
NDAQ,2173
NDLS,2174
NDSN,2175
NECB,2176
NEO,2177
NEOG,2178
NEON,2179
NEPT,2180
NETC,2181
NEWP,2182
NEWT,2183
NFBK,2184
NFLX,2185
NICE,2186
NICK,2187
NINE,2188
NKSH,2189
NKTR,2190
NLST,2191
NNBR,2192
NRIM,2193
NSIT,2194
NSSC,2195
NSTG,2196
NSYS,2197
NTAP,2198
NTCT,2199
NTES,2200
NTGR,2201
NTIC,2202
NTRS,2203
NTWK,2204
NURO,2205
NVAX,2206
NVDA,2207
NVEC,2208
NVMI,2209
NWBI,2210
NWBO,2211
NWFL,2212
NWLI,2213
NWPX,2214
NWS,2215
NWSA,2216
NXPI,2217
NXST,2218
NYMT,2219
OCC,2220
OCFC,2221
ODFL,2222
OFED,2223
OFIX,2224
OFLX,2225
OFS,2226
OLED,2227
OMAB,2228
OMCL,2229
OMER,2230
OMEX,2231
ONCY,2232
ONTX,2233
OPEN,2234
OPHC,2235
OPOF,2236
OPTT,2237
ORBT,2238
ORLY,2239
ORMP,2240
ORRF,2241
OSBC,2242
OSIS,2243
OSUR,2244
OTEX,2245
OTTR,2246
OVBC,2247
OVLY,2248
OXLC,2249
OXLCO,2250
PAAS,2251
PACB,2252
PACW,2253
PATH,2254
PATK,2255
PAYX,2256
PBHC,2257
PCAR,2258
PCH,2259
PCRX,2260
PCTI,2261
PCYO,2262
PDCO,2263
PDEX,2264
PDFS,2265
PEBK,2266
PEBO,2267
PEGA,2268
PENN,2269
PERF,2270
PERI,2271
PESI,2272
PETS,2273
PFBC,2274
PFBX,2275
PFIN,2276
PFLT,2277
PFMT,2278
PGC,2279
PGTI,2280
PKBK,2281
PKOH,2282
PLAB,2283
PLBC,2284
PLCE,2285
PLPC,2286
PLUG,2287
PLUS,2288
PLXS,2289
PMD,2290
PNBK,2291
PNFP,2292
PNNT,2293
PNRG,2294
PODD,2295
POOL,2296
POWI,2297
POWL,2298
PPBI,2299
PPC,2300
PRAA,2301
PRFT,2302
PRGS,2303
PRIM,2304
PRKR,2305
PRMW,2306
PROV,2307
PRPH,2308
PRTA,2309
PRTS,2310
PSEC,2311
PSIX,2312
PSMT,2313
PTCT,2314
PTEN,2315
PTIX,2316
PTSI,2317
PWOD,2318
PXLW,2319
PZZA,2320
QBAK,2321
QCCO,2322
QCOM,2323
QCRH,2324
QDEL,2325
QGEN,2326
QIWI,2327
QKLS,2328
QLYS,2329
QNST,2330
QQQX,2331
QUIK,2332
RAIL,2333
RAND,2334
RBCAA,2335
RBCN,2336
RCKY,2337
RCMT,2338
RCON,2339
RDCM,2340
RDHL,2341
RDI,2342
RDIB,2343
RDNT,2344
RDWR,2345
REFR,2346
REGI,2347
REGN,2348
RELL,2349
RELV,2350
RENT,2351
RFIL,2352
RGCO,2353
RGEN,2354
RGLD,2355
RGLS,2356
RICK,2357
RIGL,2358
RITT,2359
RMBS,2360
RMCF,2361
RMTI,2362
RNA,2363
RNST,2364
ROCK,2365
ROIC,2366
ROMA,2367
ROSE,2368
ROST,2369
ROYL,2370
RPRX,2371
RRGB,2372
RUSHA,2373
RUSHB,2374
RVSB,2375
RYAAY,2376
SAFT,2377
SAIA,2378
SALM,2379
SAMG,2380
SANM,2381
SANW,2382
SASR,2383
SATS,2384
SAVE,2385
SBAC,2386
SBCF,2387
SBFG,2388
SBGI,2389
SBLK,2390
SBNY,2391
SBRA,2392
SBSI,2393
SBUX,2394
SCHL,2395
SCOR,2396
SCSC,2397
SCVL,2398
SEAC,2399
SEED,2400
SEIC,2401
SENEA,2402
SENEB,2403
SFBC,2404
SFM,2405
SFNC,2406
SFST,2407
SGC,2408
SGEN,2409
SGMA,2410
SGMO,2411
SGRP,2412
SHBI,2413
SHEN,2414
SHIP,2415
SHOO,2416
SIEB,2417
SIFY,2418
SIGA,2419
SIGI,2420
SILC,2421
SIMO,2422
SIRI,2423
SKYW,2424
SLAB,2425
SLGN,2426
SLM,2427
SLMBP,2428
SLP,2429
SLRC,2430
SMBC,2431
SMCI,2432
SMIT,2433
SMMF,2434
SMPL,2435
SMRT,2436
SMSI,2437
SMTC,2438
SNCR,2439
SNFCA,2440
SNPS,2441
SOFO,2442
SOHO,2443
SOHU,2444
SPLK,2445
SPNS,2446
SPRO,2447
SPSC,2448
SPTN,2449
SPWR,2450
SRCE,2451
SRCL,2452
SRDX,2453
SRPT,2454
SSBI,2455
SSNC,2456
SSYS,2457
STAA,2458
STBA,2459
STEL,2460
STEM,2461
STKL,2462
STLD,2463
STLY,2464
STRA,2465
STRL,2466
STRM,2467
STRS,2468
STRT,2469
STX,2470
STXS,2471
SUPN,2472
SURG,2473
SVA,2474
SVVC,2475
SWKS,2476
SYBT,2477
SYNA,2478
SYPR,2479
TACT,2480
TAIT,2481
TAST,2482
TATT,2483
TAYD,2484
TBBK,2485
TBNK,2486
TCBI,2487
TCBK,2488
TCCO,2489
TCPC,2490
TECH,2491
TFSL,2492
TGTX,2493
THFF,2494
THRD,2495
THRM,2496
THRX,2497
THST,2498
TIGR,2499
TILE,2500
TIPT,2501
TITN,2502
TLF,2503
TNXP,2504
TOPS,2505
TORM,2506
TOWN,2507
TRAK,2508
TREE,2509
TRIB,2510
TRIP,2511
TRMB,2512
TRMK,2513
TRNS,2514
TROW,2515
TRS,2516
TRST,2517
TSBK,2518
TSCO,2519
TSEM,2520
TSLA,2521
TSRI,2522
TTEC,2523
TTEK,2524
TTGT,2525
TTMI,2526
TTWO,2527
TWER,2528
TWIN,2529
TXN,2530
TXRH,2531
TZOO,2532
UBCP,2533
UBFO,2534
UBOH,2535
UBSI,2536
UCBI,2537
UCTT,2538
UEIC,2539
UFCS,2540
UFPI,2541
UFPT,2542
UG,2543
UHAL,2544
ULBI,2545
ULTA,2546
UMBF,2547
UNAM,2548
UNB,2549
UNFI,2550
UNTY,2551
URBN,2552
USAP,2553
USEG,2554
USLM,2555
UTHR,2556
UTMD,2557
UTSI,2558
UVSP,2559
VALU,2560
VBFC,2561
VECO,2562
VIA,2563
VICR,2564
VIDE,2565
VIRC,2566
VLGEA,2567
VNDA,2568
VNET,2569
VOD,2570
VOXX,2571
VRA,2572
VRNT,2573
VRSK,2574
VRSN,2575
VRTS,2576
VRTX,2577
VSAT,2578
VSEC,2579
VSTM,2580
VTNR,2581
WABC,2582
WAFD,2583
WASH,2584
WAYN,2585
WDC,2586
WDFC,2587
WEN,2588
WERN,2589
WEYS,2590
WHF,2591
WHLR,2592
WILC,2593
WINA,2594
WIRE,2595
WLDN,2596
WLFC,2597
WOOF,2598
WPRT,2599
WRLD,2600
WSBC,2601
WSBF,2602
WSFS,2603
WSTL,2604
WTBA,2605
WTFC,2606
WVFC,2607
WVVI,2608
WWD,2609
WYNN,2610
XOMA,2611
XRAY,2612
XRTX,2613
XTLB,2614
YNDX,2615
YORW,2616
YY,2617
Z,2618
ZAZA,2619
ZBRA,2620
ZEUS,2621
ZION,2622
ZUMZ,2623
